1,አንድ አሽከርካሪ ሊከተለው የሚገባ የስራ ቦታ ደህንነት ቅደም ተከተል ያልሆነው የቱ ነው?,ሀ/ ንፅህና,ለ/ ትክክለኛ አለባበስ,ሐ/ “ሀ” ና “ለ”,መ/ መልሱ የለም,,መ
2,በተሽከርካሪ ውስጥ ዘወትር የእሳት ማጥፊያ እንዳለ መከታተል የስራ ላይ ደህንነት አተገባበር ነው,ሀ/ እውነት,ለ/ ሀሰት,,,,ሀ
3,የራስን ንፅህና አለመጠበቅ ከአሽከርካሪዎች የማይጠበቅ ስህተት ነው,ሀ/ እውነት,ለ/ ሀሰት,,,,ሀ
4,የስራ አካባቢን የተመቻቸ ማድረግ ማለት ምን ማለት ነው?,ሀ/ ንፅህና መጠበቅ,ለ/ ቦታን የተስተካከለ ማድረግ,"ሐ/ ""ሀ"" ና ""ለ""",መ/ መልሱ የለም,,ሐ
5,የተሽከርካሪ ብልሽት ለአደጋ የማጋለጥ እድሉ አነስተኛ ነው,ሀ/ እውነት,ለ/ ሐሰት,,,,ለ
6,በቂ እረፍት መውሰድ አደጋን ለመከላከል የሚቻልበት መንገድ ነው,ሀ/ እውነት,ለ/ ሐሰት,,,,ሀ
7,አይንንና አትኩሮትን በ ላይ ማድረግ አደጋን ይቀንሳል,ሀ/ ስራ,ለ/ መንገድ,ሐ/ሀ ና ለ,መ/መልሱ የለም,,ለ
8,የአነዳድ ብቃትን ለማሻሻል መጣር,ሀ/ የመልካም አሽከርካሪ ባህሪ ነው,ለ/ አደጋን የመከላከል ባህሪ ነው,ሐ/ ሀናለ,መ/ መለሱ የለም,,ሐ
9,ህግና ሥርዓትን ማክበር የሚጠቅመው,ሀ/ አደጋን ለመቀነስ,ለ/ የትራፊክ እንቅስቃሴን ለማሣለጥ,ሐ/ ሀናለ,መ/ መልሱ የለም,,ሐ
10,የአየር ማቀዝቀዣ /AC/ ጥቅም የሆነው የቱ ነው?,ሀ/ በጋቢና በውስጥ ያለ አየር ይቆጣጠራል,ለ/ ድብልቅልቅ ስሜትን ይቀንሳል,ሐ/ የሞተር ሙቀትን ይቀንሳል,መ/ “ሀ” ና “ለ”,,ሀ
11,በጉዞ መስመር ላይ ያለን ማህበረሰብ ባህልና ቋንቋ ማወቅ ጠቀሜታው አነስተኛ ነው,ሀ/ እውነት,ለ/ ሀሰት,,,,ለ
12,የተሽከርካሪን የውስጥ ምቾት ማሻሻል የስራ ላይ ደህንነት እርምጃ አይደለም,ሀ/ እውነት,ለ/ ሀሰት,,,,ለ
13,የአነዳድ ብቃትን ማሻሻል የአደጋ ተጋላጭነትን ይቀንሳል,ሀ/ እውነት,ለ/ ሐሰት,,,,ሀ
14,ንቃትና ቅልጥፍና ከአሽከርካሪዎች የሚጠበቅ ባህሪ ነው,ሀ/ እውነት,ለ/ ሐሰት,,,,ሀ
15,አንድ አሽከርካሪ ከጉዞ በፊት የመንገድ ሁኔታን መገመት ይገባዋል,ሀ/ እውነት,ለ/ ሐሰት,,,,ሀ
16,ለአደጋ መንስኤ ሊሆኑ ከሚችሉ ሁኔታዎች አንዱ ድቅድቅ ጨለማ ነው,ሀ/ እውነት,ለ/ ሀሰት,,,,ሀ
17,አንድ አሽከርካሪ የተሽከርካሪውን ደህንነት መጠበቅ የሚጠቅመው,ሀ/ የተሽከርካሪው ዕድሜ እንዲጨምር,ለ/ ለአሽከርካሪው ደህንነት,ሐ/ ንብረት ላይ የሚደርሰውን አደጋ ለመቀነስ,መ/ ሁሉም መልስ ነው,,መ
18,በተሽከርካሪ ላይ የሚጫን የዕቃ ደህንነት ለመጠበቅ መረጃ ውስጥ መካታት ያለበት የቱ ነው?,ሀ/ የዕቃው ስም,ለ/ ጠቅላላ ክብደቱ,ሐ/ የጭነቱ አደገኝነት,መ/ ሁሉም,,መ
19,ተሽከርካሪን ከማንቀሳቀስ በፊት ዙሪያውን መቃኘት ይገባል,ሀ/ እውነት,ለ/ ሀሰት,,,,ሀ
20,የሞተር ዙር ሳይጠብቅ የሚደረግ የማርሽ አለዋወጥ ለአደጋ ሊዳርግ ይችላል,ሀ/ እውነት,ለ/ ሐሰት,,,,ሀ
21,HIV ኤድስን መከላከል የአሽከርካሪዎች ነው,ሀ/ ሀላፊነት,ለ/ ግዴታ,ሐ/ ፈቃድ,መ/ መልሱ የለም,,ለ
22,ተሽከርካሪን ያለ እጅ ፍሬን ማቆም ነው,ሀ/ የጥንቃቄ ጉድለት,ለ/ የደህንነት ጉድለት,ሐ/ “ሀ” ና “ለ”,መ/ መልሱ የለም,,ሐ
23,የሚፈነዱ ነገሮች ከመጫናቸውም ሆነ ከመውረደቸው በፊት የተሽከርካሪው ሞተር መጥፋት አለበት,ሀ/ እውነት,ለ/ ሐሰት,,,,ሀ
24,የሚፈነዱ ነገሮችን በመጫንና በማወረድ ወቅት ማሞቂያ መጠቀም አይመከርም,ሀ/ እውነት,ለ/ ሐሰት,,,,ሀ
25,ሲሊንደሮች ሲጫኑ አፋቸው ወደ ላይ መሆን አለበት,ሀ/ እውነት,ለ/ ሐሰት,,,,ሀ
26,የእሳት ማጥፊያ ወሣኘ የጥንቃቄ መሣሪያ ነው,ሀ/ እውነት,ለ/ ሐሰት,,,,ሀ
27,ተቀጣጣይ ንጥረ ነገር መጫን ያለበት ነው,ሀ/ በኮንቴነር,ለ/ በአውቶሞቢል,ሐ/ሀናለ,መ/ መልሱ የለም,,ሀ
28,ሞተር እየሰራ ተቀጣጣይ ንጥረ ነገሮችን መጫን ይቻላል,ሀ/ እውነት,ለ/ ሀሰት,,,,ለ
29,የ “መ” ክፍል እሳት ምድብ የሆነው የቱ ነው?,ሀ/ ሚቴን,ለ/ ላምባ,ሐ/ ካልሲያም,መ/ ሁሉም መልስ ነው,,ሐ
30,በእንጨት የተነሳ እሳት በውሃ ስናጠፋ¬¬¬¬ የተጠቀምንበት የማጥፊያ ዘዴ የቱ ነው?,ሀ/ ማቀዝቀዝ,ለ/ ማፈን,ሐ/ ማስራብ,መ/ ማራቅ,,ሀ
31,የእሳት ማጥፊያ ዘዴ በዋና ዋና ክፍሎች ይመደባል,ሀ/ 2,ለ/ 3,ሐ/ 4,መ/ 5,,ለ
32,ሙቀትን በማስወገድ የማጥፋት ዘዴ,ሀ/ ማስራብ,ለ/ ማቀዝቀዝ,ሐ/ ካርቦን ዳይኦክሳይድ,መ/ ፎም,,ለ
33,አደጋ ስለደረሰበት ሠው ሪፖርት የምናደርግለት ተቌም የቱ ነው?,ሀ/ ቀይ መስቀል,ለ/ ኢንሹራንስ,ሐ/ ትራፊክ ፖሊስ,መ/ሁሉም መልስ ይሆናሉ,,መ
34,ኤች∙ አይ∙ ቪ ኤድስ ከሚተላልፍባቸው መንገዶች መካከል ዋነኛው የቱ ነው?,ሀ/ በመነካካት,ለ/ በግብረ-ስጋ ግንኙነት,ሐ. ከእናት ወደ ልጅ,መ. “ለ” እ “ሐ”,,ለ
35,ከተሸከርካሪ የሚወጣው ጭስ አደገኛ የጋዝ ልቀት የሆነው የቱ ነው?,ሀ/ CO,ለ/ CH2,ሐ/ CH3,መ/ NSO,,ሀ
36,ቡታ ጋዝ፣ቡቴንና ሚቴን የተባለ ተቀጣጣይ ነገሮች በስንተኛ ደረጃ የእሳት ምድብ ውስጥ ይገኛሉ?,ሀ/ በአንደኛ ደረጃ (ሀ),ለ/ በሦስተኛ ደረጃ(ሐ),ሐ/ በሁለተኛ ደረጃ (ለ),መ/ በአራተኛ ደረጃ(መ),,ለ
37,ተቀጣጣይ ነገሮች በማራቅ እሳትን የምናጠፋበት ዘዴ ምን ይባላል፡፡,ሀ. ማስራብ,ለ. ማፈን,ሐ. ማቀዝቀዝ,መ. ሁሉም,,ሀ
38,የስራ ላይ ደህንነትና ጥንቃቄ ትርጉም ያልሆነው የቱ ነው?,ሀ. አደጋን መከላከል,ለ. አደጋን ሊፈጥሩ የሚችሉ ሁኔታዎችን ማስወገድ,ሐ. ለአደጋ ተጋላጭ መሆን,መ. መልሱ የለም,,ሐ
39,አሽከርካሪዎች ከማሽከርከር ተግባርና ከተሽከርካሪው ሁኔታ ጋር በተያያዘ አደጋን እንዳይፈጠር የሚያደርጉት የጥንቃቄ ሂደቶች የስራ ላይ ጥንቃቄና ደህንነት በመባል ይታወቃሉ፡፡,ሀ. እውነት,ለ. ሀሰት,,,,ሀ
40,በማሽከርከር ወቅት አሽከርካሪዎች ሊከተሉት የሚገባ የስራ ላይ ደህንነት አጠባበቅ ያልሆነው የቱ ነው?,ሀ. ጤንነት ማረጋገጥ,ለ. ችሎታን ማወቅ,ሐ. ሀ ና ለ,መ. መልሱ የለም,,መ
41,ጥሩ የጉዞ እቅድ ማውጣት የስራ ላይ ደህንነት አጠባበት አካል ነው,ሀ. እውነት,ለ. ሀሰት,,,,ሀ
42,ማንኛውም አሽከርካሪ ጫት መቃም ያለበት ተሽከርካሪው በቆመ ሠአት ነው፡፡,ሀ. እውነት,ለ. ሀሰት,,,,ለ
43,ከሚከተሉት አንዱ ለአደጋ መንስኤ አይደለም,ሀ. ጠጥቶ ማሸከርከር,ለ. ከልክ በላይ በራስ መተማመን,ሐ. በቂ እረፍት ወስዶ ማሽከርከር,መ. መልሱ የለም,,ሐ
44,አንድ አሽከርካሪ ጥገና ለማከናወን ከመነሳቱ በፊት,ሀ. የአካባቢ ብክለትን ሰለ መከላከል ማወቅ አለበት,ለ. ስለስራው ተገቢውን መሣሪያ ማዘጋጀት አለበት,ሐ. ለስራው አስፈላጊዉን አልባሳት መጠቀም አለበት,መ. ሁሉም,,መ
45,አንድ አሽከርካሪ ጥገና ከመጀመሩ በፊት ስለስራው በቂ እውቀት ሊኖረው ይገባል፡፡,ሀ. እውነት,ለ. ሀሰት,,,,ሀ
46,አንድ አሽከርካሪ ጥገና ከመጀመሩ በፊት ስራው ሊያደርስ የሚችለውን ጫና ማወቅ አለበት፡፡,ሀ. እውነት,ለ. ሀሰት,,,,ሀ
47,ለስራው ተገቢውን መሳሪያ ማዘጋጀትና መጠቀም የሚለው መርህ በየትኛው የስራ ላይ ደህንነት አጠባበቅ ደንብ ላይ ይገኛል?,ሀ. በማሽከርከር ወቅት አሽከርካሪው ሊከተው የሚገባ የስራ ላይ ደህንነት,ለ. በጥገና ወቅት አሽከርካሪው ሊከተለው የሚገባ የስራ ላይ ደህንነት,ሐ. ሀ ና ለ መልስ ነው,መ. መልሱ የለም,,ለ
48,በማሽከርከር ወቅት ሊያጋጥም የሚችል የትራፊክ አደጋ አይነት የሆነው የቱ ነው?,ሀ. የእግረኛ ግጭት,ለ. የተሸከርካሪ ለተሽከርካሪ ግጭት,ሐ. የአሽከርካሪ መገልበጥ,መ. ሁሉም መልሱ ናቸው,,መ
49,በማሽከርከር ወቅት ከሚያጋጥም አደጋ ውስጥ የማይካተተው የቱ ነው?,ሀ. መገልበጥ,ለ. የሠው ከተሽከርካሪ ላይ መውደቅ,ሐ. የእንስሳት ግጭት,መ. መልሱ የለም,,መ
50,የስራ ላይ ደህንነት አጠባበቅ መተግበር አደጋዎች እንዳይከሰቱ ያግዛሉ፡፡,ሀ. እውነት,ለ. ሀሰት,,,,ሀ
51,የስራ ላይ ደህንነት አጠባበቅን ጠንቅቆ መረዳትና መተግበር ማለት,ሀ. የአሽከርካሪውን የተሟላ ችሎታ ያረጋግጣል,ለ. የአሽከርካሪውን የጥንቃቄ ደረጃ ያሳያል,ሐ. የአሽከርካሪውን ተነሳሽነት ያሳያል,መ. ሁሉም,,መ
52,አንድ አሽከርካሪ ስራውን በሚያከናውንበት ወቅት የተለያየ ጫናዎች ሊያጋጥሙት ይችላሉ,ሀ. እውነት,ለ. ሀሰት,,,,ሀ
53,የእሳት አደጋ አንዱ አሽከርካሪውን ሊያጋጥም የሚችል የአደጋ አይነት ነው,ሀ. እውነት,ለ. ሀሠት,,,,ሀ
54,ከሚከተሉት ውስጥ አንዱ አሽከርካሪ ሊያጋጥመው የሚችል የአደጋ አይነት አይደለም,ሀ. የተሸከርካሪ ብልሽት,ለ. የሌሎች መንገድ ተጠቃሚዎች ጋር የሚፈጠር ግጭት,ሐ. ሀ ና ለ,መ. መልሱ የለም,,ሀ
55,በተሽከርካሪ ውስጥ የAC ጥቅም በጣም አነስተኛ ነው፡፡,ሀ. እውነት,ለ. ሀሰት,,,,ለ
56,ከሚከተሉት አንዱ አደጋን ሊፈጥሩ የሚችሉ ሁኔታዎችን የሚቀንስ መንገድ ነው፡፡,ሀ. በቂ እረፍት ማድረግ,ለ. የፍጥነት ገደብን ተከትሎ ማሽከርከር,ሐ. ሕግና ደንብን ማክበር,መ. ሁሉም መልስ ነው,,መ
57,የእንቅልፍ ስሜት በተሰማን ጊዜ ቡና ጠጥቶ መነቃቃት ይቻላል፡፡,ሀ. እውነት,ለ. ሀሰት,,,,ሀ
58,የተሽከርካሪውን የውስጥ ምቾት ማሻሻል ማለት,ሀ. አግባብነት ያለው የስራ ላይ ደህንነት አጠባበቅ ነው,ለ. አደጋን ሊፈጥሩ የሚችሉ ሁኔታዎችን መቀነስ ነው,ሐ. ሀ ና ለ,መ. መልሱ የለም,,ሀ
59,መሠረታዊ የህክምና እርዳታ አሠጣጥ እውቀትን ማዳበር የስራ ላይ ደህንነት አጠባበቅ አንዱ አካል ነው፡፡,ሀ. እውነት,ለ. ሀሰት,,,,ሀ
60,በስራ ላይ ደህንነት አጠባበቅ አደጋን ሊፈጥሩ የሚችሉ ሁኔታዎችን የመቀነስ እርምጃ ያልሆነው የቱ ነው?,ሀ. ንቁና ቀልጣፋ መሆን,ለ. ስለ መንገዱ ሁኔታ በቂ መረጃ አለ መያዝ,ሐ. በቂ ዝግጅት ማድረግ,መ. መልሱ የለም,,ለ
61,አደጋ ሊያስከትሉ የሚችሉ ነገሮችን ለይቶ ማወቅ የአንድ አሸከርካሪ ሙያዊ ግዴታ ነው፡፡,ሀ. እውነት,ለ. ሀሰት,,,,ሀ
62,ደረቅ እና ፍሳሽ ቆሻሻን በማስወገድ ሒደት,ሀ. የማህበረሰብን ደህንነት መጠበቅ ይገባል,ለ. የአካባቢን ደህንነት መጠበቅ ይገባል,ሐ. ሀ ና ለ,መ. መልሱ የለም,,ሐ
63,በተሽከርካሪ ውስጥ የሚገኝ የቆሸሸን የተሽከርካሪ ዘይት በማስወገድ ሒደት,ሀ. የሀላፊነት ስሜትን መላበስ ይገባል,ለ. ትክክለኛውን የተሽከርካሪውን የአምራች ማንዋል መጠቀም ይገባል,ሐ. ሀ ና ለ,መ. መልሱ የለም,,ሐ
64,በቀላሉ አደጋ ሊያደርሱ ከሚችሉ ንጥረ ነገሮች መሀል የማይካተተው የቱ ነው?,ሀ. አሲድ,ለ. ሲሊንደር ጋዝ,ሐ. ሀናለ,መ. መልሱ የለም,,መ
65,ከሚከተሉት ውስጥ የትኛው የቃጠሎ አደጋ ሊያስነሳ ይችላል?,ሀ. አሲድ,ለ. ሲሊንደር ጋዝ,ሐ.ሀ ና ለ,መ. መልሱ የለም,,ሐ
66,ከሚከተሉት ውስጥ ከሚፈነዱ አደገኛ ነገሮች ውስጥ የሚመደው የትኛው ነው,ሀ. አርጉን ካርቦን ሞኖ ኦክሳይድ,ለ. ሚቴን,ሐ. ሰልፈር ዳይ ኦክሳይድ,መ. ሁሉም,,መ
67,ከሚከተሉት ውስጥ ከሚፈነዱ አደገኛ ነገሮች የማይመደበው የትኛው ነው?,ሀ. ኦክስጅን,ለ. ውሃ,ሐ. “ሀ” ና “ለ”,መ. መልሱ የለም,,ሐ
68,የባትሪ አሲድ ከአሲድ ነክ ነገሮች ይመደባል,ሀ. እውነት,ለ. ሐሰት,,,,ሀ
69,አደጋን የመገምገም ሒደት ያልሆነው የቱ ነው?,ሀ. የአደጋን አይነት መለየት,ለ. የጉዳት አይነት መለየት,ሐ. የጉዳት መጠንን ማወቅ,መ. መልሱ የለም,,መ
70,የአደጋን ብዛትና አይነት ማስቀመጥ የአደጋ ግምገማ አንዱ አካል ነው፡፡,ሀ. እውነት,ለ. ሐሰት,,,,ሀ
71,የመንገድ አደጋ ጉዳት አይነት ያልሆነው የቱ ነው?,ሀ. ሞት,ለ. አካል ጉዳተኝነት,ሐ. “ሀ” ና “ለ”,መ. መልሱ የለም,,መ
72,የጤና መታወክ ከመንገድ አደጋ ጉዳት አይነት ይመደባል፡፡,ሀ. እውነት,ለ. ሐሰት,,,,ለ
73,አንድ አሽከርካሪ የማሽከርከር ተግባር ከማከናወኑ በፊት ማሟላት ያለበት ተግባር የሆነው?,ሀ. የተሽከርካሪውን የቴክኒክ አቋም መገምገም,ለ. የራሱን አካላዊና አእምሮአዊ ዝግጅት ማረጋገጥ,ሐ. “ሀ” ና “ለ”,መ. መልሱ የለም,,ሐ
74,አንድ አሽከርካሪ ማክበር ያለበት መጠጥ ቢጠጣ እስካልሠከረ ድረስ ማሽከር ይችላል,ሀ. እውነት,ለ. ሐሰት,,,,ለ
75,የአንድ አሽከርካሪ ማክበር ያለበት የሥራ ላይ ደህንነት አጠባበቅ የሆነው የቱ ነው?,ሀ. የጉዞ እቅድ ማውጣት,ለ. ንቁና ቀልጣፍ መሆን,ሐ. “ሀ” ና “ለ”,መ. መልሱ የለም,,ሐ
76,ሊታለፉ የሚችሉ የጉዳት አይነቶች ውስጥ የማይካተተው የቱ ነው?,ሀ. ከባድ ቁስል,ለ. ከባድ ጉዳት,ሐ. ለረጅም ጊዜ የሚቆይ የጤና ችግር,መ. መልሱ የለም,,መ
77,የትራፊክ አደጋ ውጤት አይነት ያልሆነው የቱ ነው?,ሀ. የሞት አደጋ,ለ. የስኳር በሽታ,ሐ. የማህበራዊ ጉዳት,መ. መልሱ የለም,,ለ
78,የስራ ላይ ደህንነት አጠባበቅ ሪፖርት ሊደረግለት የሚገባ አካል የቱ ነው?,ሀ. ፖሊስ,ለ. ቀጣሪ ድርጅት,ሐ. የህክምና ማዕከላት,መ. ሁሉም,,ለ
79,የስራ ላይ ደህንነት አጠባበቅ ሪፖርት ከሚቀርብላቸው አካላት አንዱ የጤና ማዕከላት ናቸው፡፡,ሀ. እውነት,ለ. ሐሰት,,,,ለ
80,ግድ የለሽነት አንድ የሥራ ላይ ደህንነት አጠባበቅ ጉድለት ነው፡፡,ሀ. እውነት,ለ. ሀሠት,,,,ሀ
81,በእጅ መዳፍ ላይና ባካባቢው ያለን የሰውነት ክፍል ከአደጋ የሚከላከል የቱ ነው?,ሀ. ካፖርት,ለ. ጓንት,ሐ. ጫማ,መ. ሁሉም,,ለ
82,ከዝናብ ከከፍተኛ ቅዝቃዜና ከቆሻሻ የሚከላከል የደህንነት መጠበቅያ መሣሪያ የቱ ነው?,ሀ. ካፖርት,ለ. ጓንት,ሐ. ጫማ,መ. ሁሉም,,ሀ
83,በሌሎች አሽከርካሪዎችና መንገድ ተጠቃሚዎች በቀላሉ ለመታየት የሚረዳ የቱ ነው?,ሀ. አንፀባራቂ ልብስ,ለ. ጓንት,ሐ. ካፖርት,መ. ሁሉም,,ሀ
84,ለስራ ምቹ ሁኔታን የሚፈጥር እና እግርን ከጉዳት የሚከላከል መሳሪያ የቱ ነው?,ሀ. ጓንት,ለ. የደህንነት ጫማ,ሐ. ሀናለ,መ. ሁሉም,,ለ
85,ካፖርት ጭንቅላትን ከአደጋ ይከለክላል፡፡,ሀ. እውነት,ለ. ሀሠት,,,,ለ
86,ጓንት የመተንፈሻ ክፍሎችን ከአደጋ ይከላከላል፡፡,ሀ. እውነት,ለ. ሀሠት,,,,ለ
87,የአይን አካባቢንና ፊትን ከአደጋ ለመከላከል የሚጠቅም መሳሪያ የቱ ነው?,ሀ. ሄልሜት,ለ. ጓንት,ሐ. ሀ ና ለ,መ. መልሱ የለም,,መ
88,የደህንነት መሣሪያ አይነት ያልሆነው የቱ ነው?,ሀ. ታኮ,ለ. ጓንት,ሐ. ካፖርት,መ. ሄልሜት,,ሀ
89,የግል ደህንነት መጠበቂያ መሣሪያ ያልሆነው የቱ ነው?,ሀ. የመገናኛ መሣሪያ,ለ. ጓንት,ሐ. ካፖርት,መ. ሄልሜት,,ሀ
90,ጉዳት ለደረሠበት ሰው ርዳታ ለመስጠት የሚያስፈልግ መሣሪያ የቱ ነው?,ሀ. የመጀመሪያ ርዳታ ሳጥን,ለ. ጭንቅላት መከላከያ,ሐ. ታኮ,መ. ሁሉም,,ሀ
91,ሁልጊዜ በግልፅ ቦታ ላይ ፊት ለፊት መቀመጥ ያለበትና የእሳት አደጋ ሲፈጠር የምንጠቀምበት መሣሪያ የሆነው የቱ ነው?,ሀ. ጓንት,ለ. እሳት ማጥፊያ,ሐ. ሀ ና ለ,መ. መልሱ የለም,,ለ
92,ተሽከርካሪው በሚቆምበት ወቅት እንዳይንሸራተት የሚያደርግ መሣሪያ የቱ ነው?,ሀ. ታኮ,ለ. ሸራ,ሐ. ገመድ,መ. መልሱ የ,,ሀ
93,መርዛማ ጭስን የሚከላከል መሣሪያ የሆነው?,ሀ. ካፖርት,ለ. ጓንት,ሐ. ሄልሜት,መ. መልሱ የለም,,መ
94,የመገናኛ መሣሪያዎች ጥቅም የሆነው የቱ ነው?,ሀ. ከትራንስፖርት ድርጅቱ ጋር ቶሎ ለመገናኘት,ለ. ከፖሊስ ጋር ግንኘነት ለመፍጠር,ሐ. ሀ ና ለ,መ. መልሱ የለም,,ሐ
95,በቅርብ ካለ የጤና ተቋም ወይም ሆስፒታል ጋር ለመገናኘት የመገናኛ መሣሪያ አሰፈላጊ ነው,ሀ. እውነት,ለ. ሀሠት,,,,ሀ
96,በሚፈጠር የአደጋ አጋጣሚ ቅድሚያ የአሽከርካሪውን አገልግሎት የሚሹት የቱኞቹ ናቸው?,ሀ. አካል ጉዳተኛ,ለ. እግረኛ,ሐ. ሀ ና ለ,መ. መልሱ የለም,,ሀ
97,የማሽከርከር ተግባርና የመንገድ ሥነ-ስርአትን በተመለከተ ከፍተኛው ግንዛቤ ያለው በአሽከርካሪው ዘንድ ነው፡፡,ሀ. እውነት,ለ. ሀሠት,,,,ሀ
98,አሽከርካሪው ለተጐጂዎች የሚያበርክተው የእርዳታ አይነት ያልሆነው የቱ ነው?,ሀ. ቁስለኛ አያያዝ,ለ. ቁስለኛ አጓጓዝ,ሐ. ሀናለ,መ. መልሱ የለም,,መ
99,የተጐጂውን ጉዳት መረዳትና ለተጨማሪ ስቃይ ሳይዳርጉ መያዝ ማለት,ሀ. ቁስለኛ አጓጓዝ,ለ. ቁስለኛ አያያዝ,ሐ. “ሀ” ና “ለ”,መ. መልሱ የለም,,ለ
100,ተጐጂውን ግለሠብ ወደ አቅራቢያ የህክምና ተቋም መውሠድ ማለት,ሀ. ቁስለኛ አጓጓዝ,ለ. ቁስለኛ አያያዝ,ሐ. ሀናለ,መ. መልሱ የለም,,ሀ
101,የስራ ላይ ደህንነት ጥንቃቄ መመሪያዎች ከአደጋ የነፃ የስራ አካባቢን ለመፍጠር የሚያግዙ የስራ ቅደም ተከተሎች ናቸው,ሀ. እውነት,ለ. ሀሰት,,,,ሀ
102,ጠጥቶ ማሸከርከር ምንን ያመለክታል?,ሀ. ትክክለኛ የማሽከርከር ሥነባህሪ,ለ. ትክክለኛ የስራ ላይ ደህንነት ጥንቃቄ አተገባበር,ሐ. አላስፈላጊ የማሽከርከር ስነ ባህሪ,መ. መልሱ የለም,,ሐ
103,ከጉዞ በፊት የተሸከርካሪውን ሁኔታ መፈተሽ የሚመደብው,ሀ. ለማሽከርከር ዝግጁነትን ያረጋግጣል,ለ. የስራ ላይ ደህንነት አተገባበርን ያሳያል,ሐ. አደጋ መከላከልን ያሳያል,መ. ሁሉም መልሱ ናቸው,,መ
104,አንድ አሸከርካሪ ተነሳሽነት ከጐደለው,ሀ. በተሣሣተ የማሽከርከር ባህሪ ላይ አለመሆኑን ያሳያል,ለ. የስራ ላይ ደህንነት አጠባበቁን ያለመስተካከል ያሳያል,ሐ. በቂ ዝግጅት አለ ማድረጉን ያሳያል,መ. “ለ” እና “ሐ” መልስ ናቸው,,መ
105,ችሎታን ያለ ማወቅ ማለት,ሀ. ደካማ የስራ ላይ ደህንነት አጠባበቅ ነው,ለ. ዝግጅነቱ የተጓደለ የማሽከርከር ባህሪ ነው,ሐ. ሀ ና ለ,መ. መልሱ የለም,,ሐ
106,ጤንነትን ማረጋገጥ የስራ ላይ ደህንነት አጠባበቅ አንዱ መርህ ነው፡፡,ሀ. እውነት,ለ. ሀሠት,,,,ሀ
107,በማሽከርከር ወቅት ድካም ከተሠማ እረፍት መውሰድ ይገባል፡፡,ሀ. እውነት,ለ. ሀሠት,,,,ሀ
108,ለሰራ ተስማሚውን የአለባበስ አይነት መምረጥ ሊደርስ ከሚችለው አደጋ ይከላከላል,ሀ. እውነት,ለ. ሀሠት,,,,ሀ
109,የአካባቢ ብክለት የሚከሰተው በማሽከርከር ወቅት ብቻ ነው፡፡,ሀ. እውነት,ለ. ሀሠት,,,,ለ
110,ማንኛውም አሽከርካሪ ካልሰከረ በቀር አልኮል ወስዶ ማሽከርከር ጉዳት የለውም,ሀ. እውነት,ለ. ሀሠት,,,,ለ
111,የተሽከርካሪ መገልበጥ,ሀ. የአደጋ አይነት ነው,ለ. የጉዳት አይነት አይደለም,ሐ. ሀ ና ለ,መ. መልሱ የለም,,ለ
112,የአደጋ መንስኤ ሊሆን የሚችለው?,ሀ. ከፍጥነት ወሰን በላይ ማሸከርከር,ለ. በተከለከለ ቦታ ላይ ማቆም,ሐ. የትራፊክ ሕግና ደንብን መጣስን,መ. ሁሉም መልስ ናቸው,,መ
113,አደጋን መከላከል ማለት ምን ማለት ነው?,ሀ. የስራ ላይ ደህንነት አጠባበቅ አላማ ነው,ለ. የድንገተኛ ምላሽ አደጋ አላማ ነው,ሐ. ሀ ና ለ,መ. መልሱ የለም,,ሐ
114,ከልክ በላይ በራስ መታማመን አግባብነት ያለው የስራ ላይ ደህንነት አመለካከት ነው፡፡,ሀ. እውነት,ለ. ሀሰት,,,,ለ
115,አንድ አሽከርካሪ ጥገና ከማከናወኑ በፊት ማድረግ ያለበት?,ሀ. ትክክለኛውን አለባበስ መጠቀም አለበት,ለ. ትክክለኛውን መሣሪያ ማዘጋጀት አለበት,ሐ. ሀ ና ለ,መ. መልሱ የለም,,ሐ
116,የስራ ላይ ደህንነት አጠባበቅ ጠንቅቆ መረዳትና መተግበር ማለት ምን ማለት ነው?,ሀ. የተሟላ ችሎታን ይጠይቃል,ለ. የጥንቃቄ ደረጃን ያሳያል,ሐ. ተነሳሽነትን ያሳያል,መ. ሁሉም,,መ
117,አሽከርካሪ የተበላሸን የተሽከርካሪ ክፍል ለመጠገን ከመንቀሳቀሱ በፊት የችግሩን መንስኤ ማወቅ አለበት፡፡,ሀ. እውነት,ለ. ሀሰት,,,,ሀ
118,አንድ አሽከርካሪ ጥገና ከመጀመሩ በፊት ሊከተሉ የሚችሉት ጫናዎች ማወቅ አለበት፡፡,ሀ. እውነት,ለ. ሀሰት,,,,ሀ
119,የስራ ላይ ደህንነት አጠባበቅ የመጀመሪያ እርዳታ አሠጣጥ የሚጠቃለል ነው?,ሀ. እውነት,ለ. ሀሰት,,,,ሀ
120,አንድ አሽከርካሪ የስራ ላይ ደህንነት አጠባበቅ እውቀት ባይኖረውም ብቃት ያለው አሽከርካሪ መባል ይችላል፡፡,ሀ. እውነት,ለ. ሀሠት,,,,ለ
121,የስራ ላይ ደህንነት አጠባበቅ አደጋን ሊፈጥሩ የሚችሉ ሁኔታዎችን የመቀነስ እርምጃ ያልሆነው የቱ ነው?,ሀ. ንቁና ቀልጣፋ መሆን,ለ. ስለ መደንገዱ ሁኔታ በቂ መረጃ መያዝ,ሐ. ሀ ና ለ,መ. መልሱ የለም,,መ
122,ከሚከተሉት አንዱ አደጋን ሊፈጥር የሚችል ሁኔታ የሆነው የቱ ነው?,ሀ. የተበላሸ መንገድ,ለ. እንቅልፍ እንቅልፍ ማለት,ሐ. ሀ ና ለ,መ. መልሱ የለም,,ሐ
123,የተሽከርካሪ ብልሽት የአደጋ መንስኤ ሊሆን አይችልም,ሀ. እውነት,ለ. ሀሰት,ሐ. ሀ እና ለ,መ. መልሱ የለም,,ለ
124,እንቅልፍ እንቅልፍ በሚል ጊዜ አሽከርካሪው ምን ማድረግ አለበት?,ሀ. ቡና ጠጥቶ ማሸከርከር አለበት,ለ. በቂ እረፍት መውሠድ አለበት,ሐ. ማሽከርከሩን መቀጠል ይችላል,መ. ሁሉም,,ለ
125,አግባብነት ያለው የስራ ላይ ደህንነት አጠባበቅ የሆነው የቱ ነው?,ሀ. የተሽከርካሪን የውስጥ ምቶት ማሻሻል,ለ. AC መጠቀም,ሐ. ሀ ና ለ,መ. መልሱ የለም,,ሐ
126,ግዴለሽነት የተሞላበት የማሽከርከር ተግባር ጉዳት የሚያደርሠው ከምንድን ነው?,ሀ. በአሽከርካሪው ላይ,ለ. በሌሎች መንገድ ተጠቃሚዎች ላይ,ሐ. በተሽከርካሪው ላይ,መ. ሁሉም,,መ
127,የሞተር መሞቅ ችግር ሲያጋጥም የሚከወን ድርጊት የሆነው የቱ ነፈ?,ሀ. ሞተርን በሚኒሞ ማሠራት,ለ. ሞተርን በማጥፍት በከባቢ አየር እንዲቀዘቅዝ ማድረግ,ሐ. ሀ እና ለ,መ. መልሱ የለም,,ሀ
128,ሞተር ሞቆ ካቀዘቀዙ በኋላ ምን መደረግ አለበት?,ሀ. የራዲያተር ክዳንበባዶ እጅ መክፈት,ለ. በጨርቅ በመሸፈን የራዲያተር ክዳኑን መክፈት,ሐ. የራዲያተር ክዳኑን መክፈት አያስፈልግም,መ. ሁሉም,,ለ
129,የእግር ፍሬን አልሠራ ባለበት ሰዓት ይገባል,ሀ. ራስን ማረጋጋት,ለ. የእጅ ፍሬን መሞከር,ሐ. ከቀላል ማርሽ ወደ ከባድ ማርሽ መቀየር,መ. ሁሉም መልስ ነፈ,,መ
130,አደጋ የመቆጣጠር ሒደት አካል ያልሆነው የቱ ነፈ?,ሀ. በስራ ላይ ሊከሰቱ የሚችሉትን አደጋዎች መገምገም,ለ. ስራው የሚፈልገውን ጥንቃቄ ባግባቡ መረዳት,ሐ. ሊከናወኑ የሚገባቸውን ድርጊቶችን ዘወትር መለማመድ,መ. ሁሉም,,መ
131,አስፈላጊ የአደጋ መረጃዎችን በመያዝ እና በመሠብሠብ ሊከሠት የሚችልን አደጋ መከልከል ይቻላል፡፡,ሀ. እውነት,ለ. ሀሰት,,,,ሀ
132,ተሽከርካሪው በመንቀሳቀስ ላይ እያለ ማንኛውም ሠው ተሽከርካሪው ላይ መውጣት ይችላል፡፡,ሀ. እውነት,ለ. ሀሰት,,,,ለ
133,የተሽከርካሪ የውስጥ ወለል ንፁህና ደረቅ ሆኖ መጠበቅ ያለበት ለምንድን ነው?,ሀ. ተሳፋሪዎች እንዳይወድቁ,ለ. ተሳፋሪዎች በቀላሉ እንዲንቀሳቀሱ,ሐ. ሀ እና ለ,መ. መልሱ የለም,,ሐ
134,ተሽከርካሪ ላይ ለመውጣትና ለመውረድ ----------- ይመረጣል,ሀ. የተደረደሩ ካርቶኖችን መጠቀም,ለ. ለዚህ ተብለው የተሰሩ መወጣጫዎችን መጠቀም,ሐ. በገመድ መንጠላጠል,መ. ሁሉም,,ለ
135,ሠዎች ከተሽከርካሪ ላይ ዘለው ሲወረዱ,ሀ. ቁርጭምጭሚት የመሠበር አደጋ ሊከሰት ይችላል,ለ. የጉልበት መሠበር አደጋ ሊፈጠር የችላል,ሐ. የእግር ወለምታ ሊከሰት ይችላል,መ. ሁሉም,,መ
136,ሠራተኞች ከተሽከርካሪዎች ላይ ዘለው መውረድ የሚገባቸው የኤሌክትራክ ሾክ ችግር ካጋጠመ ነው፡፡,ሀ. እውነት,ለ. ሀሰት,,,,ለ
137,ጤንነትን ማረጋገጥ በስራ ላይ ደህንነት ቅድመ ሁኔታ ውስጥ አይካተትም,ሀ. እውነት,ለ. ሀሰት,,,,ለ
138,ስለ ስራ ያለውን እውቀት ከግንዛቤ መክተት የስራ ላይ ደህንነት አጠባበቅ ሒደት ነው፡፡,ሀ. እውነት,ለ. ሀሰት,,,,ሀ
139,የተሽከርካሪ ብልሽት ከአደጋ አይነቶች ውስጥ ይመደባል፡፡,ሀ. እውነት,ለ. ሀሰት,,,,ለ
140,በየጊዜው መፈተሽ የሚገባቸውን የተሽከርካሪ ክፍሎች መፈተሽ ከ ---------ይመደባል?,ሀ. አደጋን ሊፈጥሩ የሚችሉ ሁኔታዎችን ከመቀነስ,ለ. ወጪን መጨመር,ሐ. አደጋ ሊፈጥር የሚችሉትን ሁኔታዎችን መጨመር,መ. መልሱ የለም,,ሀ
141,አደጋን ሊፈጥሩ ከሚችሉ ሁኔታዎች ውስጥ የሚመደበው የቱ ነው?,ሀ. በቂ እረፍት ማድረግ,ሐ. ሀ ና ለ,ለ. ስለመንገድ በቂ መረጃ መያዝ,መ. መልሱ የለም,,መ
142,መሰረታዊ የመጀመሪያ እርዳታ መስጠት የሚመደበው አደጋን ሊፈጥሩ የሚችሉ ሁኔታዎችን በመቀነስ ነው፡፡,ሀ. እውነት,ለ. ሀሰት,,,,ለ
143,አንድ አሽከርካሪ የመጀመሪያ እርዳታ አሠጣጥ ቅደም ተከተልን ማወቅ አለበት፡፡,ሀ. እውነት,ለ. ሀሰት,,,,ሀ
144,ለአካባቢ አደገኛ የሆኑ ቁሳቁሶችን የመቆጣጠሪያ መንገድ የሚባለው የቱ ነው?,ሀ. አደጋ ሊያስከትሉ የሚችሉ ሁኔታዎችን ለይቶ ማወቅ,ለ. አደጋ የሚያስከትሉ ነገሮችን መገምገም,ሐ. ሀ ና ለ,መ. መልሱ የለም,,ሐ
145,የተመረጠው ስራ በሚከናወንበት ወቅት ለጤና እና ደህንነት አስጊ ሁኔታዎችን መለየት አይገባም፡፡,ሀ. እውነት,ለ. ሀሠት,,,,ለ
146,ደህንነቱ አስተማማኝ የሆነ የስራ እንቅስቃሴ የሚባለው የቱ ነው?,ሀ. አሽከርካሪው በአምራች ማንዋል መሠረት ሲንቀሳቀስ ነው,ለ. በስራ ላይ ደህንነት አጠባበቅ መመሪያ መሠረት ሲንቀሳቀስ,ሐ. ሀ ና ለ,መ. መልሱ የለም,,ሐ
147,ወደ ተሽከርካሪ ላይ ለመወጣጫነት የሚያገለግል መሣሪያ ምን ይባላል?,ሀ. መሰላል,ለ. ጠረጼዛ,ሐ. ካርቶን,መ. ሁሉም,,ሀ
148,የ HIV ኤድስ መከላከያ መንገድ የሆነው የቱ ነው?,ሀ. መታቀብ,ለ. መወሰን,ሐ. መጠቀም,መ. ሁሉም,,መ
149,የስራ ላይ ደህንነት አጠባበቅ በቂ ግንዛቤ የሌለው አሽከርካሪው ብቃት እንዳለው አይቆጠርም፡፡,ሀ. እውነት,ለ. ሀሠት,,,,ሀ
150,የተሽከርካሪን ንህና መጠበቅ ለተሸከርካሪው እድሜ መራዘም ምንም አስተዋኦ የለወም፡፡,ሀ. እውነት,,,,,ለ
151,ለድርጅቶቹ ስራ ማስተርስ ስለሚችሉ ሥራዎች የቱ ነው?,ሀ. ሀሠት,ለ. አደጋ,ሐ. ሀ ና ለ,መ. መልሱ,,ለ
152,በአጠባ ወቅት በሚፈጠር ስህተት ውሃ በነዳጅ አስተላላፊ ክፍል ውስጥ ቢገባ ምን ይፈጠራል?,ሀ. ሞተሩ ይጠፋል,ለ. የሞተሩ ድምí ይቆራረጣል,ሐ. ነዳጁ ይቋረጣል,መ. ሁሉም መልስ ይሆናሉ,,ለ
153,እጥበት በሚከናወንበት ወቅት ማድረግ ያለብን ጥንቃቄ የሆነው የቱ ነው?,ሀ. የኤሌክትሪክ ክፍሎችን መሸፈን,ለ. በሮችን በደንብ መዝጋት,ሐ. የነዳጅ ክፍሎችን መሸፈን,መ. ሁሉም መልስ ይሆናሉ,,መ
154,የሞተር፣ የጊርቦክስ ወይም የዲፈረንሻል ዘይት ሲቀየር ቁሻሻውን ዘይት የትም መድፋት ምንም ችግር አያስከትልም፡፡,ሀ. እውነት,ለ. ሀሰት,,,,ለ
155,ከእሳት አካባቢ ተቀጣጣይ ነገሮች በማራቅ የሚጠቀም የእሳት ማጥፊያ ዘዴ ማፈን ይባላል፡፡,ሀ. እውነት,ለ. ሀሰት,,,,ለ
156,በተሽከርካሪ ላይ በኤሌክትሪክ ምክንያት እሳት ቢነሳ አሽከርካሪዎች ተገቢውን ማጥፊያ መጠቀም ያለባቸው የማጥፊያ መሳሪያ የትኛው ነው?,ሀ. ውሃ,ለ. ፎም,ሐ. ካርቦን ዳይኦክሳይድ,መ. ሁሉም,,ለ
157,ከሚከተሉት ውስጥ የአደጋ መነሻ ምክንያት ያልሆነው የቱ ነው?,ሀ. አለመግባባት,ለ. የተሽከርካሪ ብልሽት,ሐ. የእሳት አደጋ መነሳት,መ. መልስ የለም,,መ
186,ለአደጋ መከሰት ምክንያት የማይሆነው ሁኔታ የቱ ነው?,ሀ. የአሽከርካሪው ሁኔታ,ለ. የተሽከርካሪው ሁኔታ,ሐ. የአካባቢ ሁኔታ,መ. መልሱ የለም,,መ
187,የመንገድ ሁኔታ መግለጫ ያልሆነው የቱ ነው?,ሀ. አስፋልት,ለ. ጭጋጋማ,ሐ. ከርቭ የበዛበት,መ. ወጣገባ የበዛበት,,ለ
188,የመንገድ ሁኔታ መግለጫ የሆነ የቱ ነው?,ሀ. ኮረኮንች,ለ. ጠባብ ድልድይ የበዛበት,ሐ. ከርቭ የበዛበት,መ. ሁሉም,,መ
201,ከአደጋ የማምለጫ መንገድ የሆነው የቱ ነው?,ሀ. ሊከሰቱ የሚችሉ አደጋዎችን መለየት,ለ. የተሽከርካሪን ፍጥነት ወሰን ማክበር,ሐ. ሀ እና ለ መልስ ናቸው,መ. መልስ የለም,,ሐ
202,ለአደጋ መንስኤ ሊሆኑ የሚችሉትን ሁኔታዎችን አስቀድሞ በመለየት ከአደጋ ማምለጥ ይቻላል፡፡,ሀ. እውነት,ለ. ሀሰት,,,,ሀ
203,በአደገኛ ሁኔታዎች ውስጥ አደጋ እንዳይከሰት የሚረዳው የቱ ነው?,ሀ. ተሽከርካሪውን ማቆም,ለ. የተሽከርካሪውን መሪ ማዞር,ሐ. ሀ እና ለ,መ. መልስ የለም,,ሐ
204,ከጐን ወይም ከኋላ አደጋ ሊያደርስ የሚችል ተሽከርካሪ በሚያጋጥምበት ወቅት ከአደጋው ለማምለጥ ፍጥነት መጨመር አማራጭ መንገድ ነው፡፡,ሀ. እውነት,ለ. ሀሰት,,,,ሀ
205,አደጋ ሊከሰት የሚችለው በተሽከርካሪ ቴክኒክ ችግር ብቻ ነው፡፡,ሀ. እውነት,ለ. ሀሰት,,,,ለ
206,የአሽከርካሪው ብቃት ችግር ለአደጋ ምክንያትነት ከፍተኛ ድርሻ ይይዛል፡፡,ሀ. እውነት,ለ. ሀሰት,,,,ሀ
207,አካባቢያዊ ሁኔታዎች ለአደጋ የማጋለጥ ድርሻ አላቸው፡፡,ሀ. እውነት,ለ. ሀሰት,,,,ሀ
208,በድንገተኛ አደጋ ወቅት ቅድሚያ እርዳታ ሊያገኝ የሚገባው የቱ ነው?,ሀ. ንብረት,ለ. አካባቢ,ሐ. ሰው,መ. መልሱ,,ሐ
209,ከሚከተሉት ውስጥ በድንገተኛ አደጋ ወቅት ከአሽከርካሪዎች የሚጠበቅ ኃላፊነት የቱ ነው?,ሀ. ለተጐጂ ሰዎች የመጀመሪያ እርዳታ መስጠት,ለ. የተጐዱ ሰዎችን ወደ አቅራቢያ ሐኪም ቤት መውሰድ,ሐ. አደጋ እንዳይባባስ ማድረግ,መ. ሁሉም,,መ
210,አሽከርካሪው አደጋ የደረሰበትን አካባቢ መቆጣጠር የሚገባው ለምንድን ነው?,ሀ. ተጨማሪ አደጋ እንዳይከሰት ለመከላከል,ለ. ስለአደጋው ትክክለኛ መረጃ እንዲይጠፋ,ሐ. ወንጀልን ለመከላከል,መ. ሁሉም,,መ
211,የትራፊክ ፍሰትን አደጋ ከደረሰበት አቅጣጫ ማስቀየር ተጨማሪ አደጋን የመከላከል አንዱ መንገድ ነው፡፡,ሀ. እውነት,ለ. ሀሰት,,,,ሀ
212,መንገድ ቀይር፣ ቁም፣ ፍጥነት ቀንስ የሚሉ የማስጠንቀቂያ ምልክቶችን በመጠቀም ከአደጋው አካባቢ የትራፊክ ፍሰትን መቀነስ ይቻላል፡፡,ሀ. እውነት,ለ. ሀሰት,,,,ሀ
213,ጉዞን ማቀድ የሚቻለው በስራ አካባቢ የስራ ሂደት መመሪያን በመንተራስ ብቻ ነው፡፡,ሀ. እውነት,ለ. ሀሰት,,,,ለ
214,ተጨማሪ ጉዳት በተጐዳ ሰው ላይ እንዳይደርስ ማድረግ በቅድሚያ የሚከናወን የመጀመሪያ እርዳታ አሰጣጥ ሂደት ሊሆን ይችላል፡፡,ሀ. እውነት,ለ. ሀሰት,,,,ሀ
215,በአደጋ ወቅት ተጨማሪ ጉዳት በተጐዳ ሰው ላይ እንዳይደርስ ማድረግ በቅድሚያ የሚከናወን የመጀመሪያ እርዳታ አሰጣጥ ሂደት ሊሆን ይችላል፡፡,ሀ. የግል ጥረት,ለ. የሌሎችን ድጋፍ መጠየቅ,ሐ. ሀ እና ለ መልስ ናቸው,መ. መለሱ የለም,,ሐ
216,ተጨማሪ ጥፋቶችን ለመቀነስ የሚወሰድ እርምጃ የቱ ነው?,ሀ. የአደጋ መብራት ማብራት,ለ. አንጸባራቂ ባለ ሶስት ጐኖች መጠቀም,ሐ. የሞተር ቁልፍ ማጥፋት,መ. ሁሉም,,መ
217,እንደደረሰው አደጋ መጠንና ጉዳት የሌሎችን እርዳታ መጠየቅ ይገባል፡፡,ሀ. እውነት,ለ. ሀሰት,,,,ሀ
218,አደጋ የደረሰበትን አካባቢ ለመቆጣጠርና ለመከላከል መወሰድ ያለበት እርምጃ የቱ ነው?,ሀ. ጠባቂ መስቀመጥ,ለ. ለሚመለከተው አካል ሪፖርት ማድረግ,ሐ. የትራፊክ ምልክቶችን ማስቀመጥ,መ. ሁሉም,,መ
219,አደጋ ካጋጠመ በኋላ ሪፖርት ሊደረግለት የሚገባ አካል የቱ ነው?,ሀ. ፖሊስ,ለ. ኢንሹራንስ,ሐ. ቀይ መስቀል,መ. ሁሉም,,መ
220,አደጋ በሚደርስበት ወቅት የስርቆት ወንጀል ለመፈጸም የሚጥሩ አካላት ስለሚኖሩ ጠባቂ ማስቀመጥ ተገቢ ነው፡፡,ሀ. እውነት,ለ. ሀሰት,,,,ሀ
221,በአደጋ ወቅት ድጋፍና እርዳታን ማመቻቸት የአሽከርካሪዎች ሙያዊ ግዴታ ነው፡፡,ሀ. እውነት,ለ. ሀሰት,,,,ሀ
222,እሳት በተሽከርካሪ ላይ ሊከሰት የሚችልበት ምክንያት ውስጥ ሊከተት የሚችለው የቱ ነው?,ሀ. የነዳጅ ማመላለሻ ቱቦ ነዳጅ መፍሰስ,ለ. የኤልክትሪክ ገመዶች መላላጥ,ሐ. የሞተሩ ከመጠን በላይ መሞቅ,መ. ሁሉም,,መ
223,እሳት የማይፈጠርበት መንገድ የሆነው የቱ ነው?,ሀ. ባትሪ ሲታሰርም ሆነ ሲፈታ በቂ ጥንቃቄ አለማድረግ,ለ. የነዳጅ ታንከር በአግባቡ ካልተከደነና ሲጋራ በአካባቢው የሚጨስ ከሆነ,ሐ. የነፋስ ኮምኘሬሰር ከፈነዳ,መ. መልሱ የለም,,መ
224,የእሳት ማጥፊያ ዘዴ የሆነው የቱ ነው?,ሀ. ማፈን,ለ. ማቀዝቀዝ,ሐ. ማስራብ,መ. ሁሉም,,መ
225,የመጀመሪያ እርዳታ ከመስጠት በፊት ከአሽከርካሪው የሚጠበቁ ቅድመ ሁኔታዎች ውስጥ,ሀ. አለመረበሽ,ለ. አካልና አእምሮን ዝግጁ ማደረግ,ሐ. ሀ እና ለ መልስ ናቸው,መ. መልስ የለም,,ሐ
226,የመጀመሪያ እርዳታ የመስጠት ሂደት ውስጥ የማይካተት የቱ ነው?,ሀ. የእርዳታ ቅደም ተከተልን ማቀድ,ለ. ጊዜ ሳያባክኑ የህክምና እርዳታ መስጠት,ሐ. ከአቅም በላይ ለመርዳት አለመሞከር,መ. መልሱ የለም,,መ
227,የመጀመሪያ እርዳታ ሲሰጥ,ሀ. በርህራሄ መርዳት,ለ. ተጐጂውን ማጽናናት,ሐ. የመጀመሪያ እርዳታ ካደረጉ በኋላ ወደ ህክምና መስጫ ጣቢያ(ማዕከል) መውሰድ,መ. ሁሉም,,መ
228,በሰው ላይ የሚደርስ የጉዳት ዓይነት የሆነው የቱ ነው?,ሀ. መድማት,ለ. መሰበር,ሐ. መቃጠል,መ. ሁሉም,,መ
229,በሰውነት ላይ የደረሰ አደጋ ምልክት ያልሆነው የቱ ነው?,ሀ. የተጐዳው ሰው ኃይልኛ የህመም ድምጽ ያሰማል,ለ. የተጐዳው ሰው ሰውነቱን ማንቀሳቀስ ይቸገራል,ሐ. የተጎዳው ሰው ህሊናውን ይስታል,,,መ
230,የሰውነት እብጠትና የመበለዝ አዝማሚያ ማሳየት የመጐዳት ምልክት ነው፡፡,ሀ. እውነት,ለ. ሀሰት,,,,ሀ
231,በጉዳት የሚመጣ የስብራት ዓይነት ያልሆነው የቱ ነው?,ሀ. ዝግ ስብራት,ለ. ክፍት ስብራት,ሐ. የተዘበራረቀ ስብራት,መ. መልስ የለም,,መ
232,የተወሳሰበ ስብራት የሚባለው በተሰበረው አጥንት አካባቢ ያለው ነርቦ ስለሚጐዳ ነው፡፡,ሀ. እውነት,ለ. ሀሰት,,,,ሀ
233,የተወሳሰበ ስብራት የሚባለው ከሚከተሉት ውስጥ የቱ ነው?,ሀ. የጐድን አጥንት ተሰብሮ ልብና ኩላሊት ሲጐዳ,ለ. የራስ ቅል ተሰብሮ አንጐል ሲጐዳ,ሐ. በዳሌ ስብራት ፊኛ ሲጐዳ,መ. ሁሉም መልስ ነው,,መ
234,ከላይ ያለው የሰውነት አካል ቁስል የተሰበረው አጥንት ሲታይ፡፡,ሀ. ዝግ ስብራት,ለ. ክፍት ስብራት,ሐ. ሀ እና ለ,መ. መልስ የለም,,ለ
235,ዝግ ስብራት ከውጪ ምንም ዓይነት ምልክት አያሳይም፡፡,ሀ. እውነት,ለ. ሀሰት,,,,ሀ
236,በኤሌክትሪክ፣ በእሳትና በሰበቃ ምክንያት የሚከሰት ቃጠሎ,ሀ. እርጥበት ቃጠሎ,ለ. ደረቅ ቃጠሎ,ሐ. የመርዝ ቃጠሎ,መ.ሁሉም,,ለ
237,በደረቅ ቃጠሎ አደጋ ወቅት የመጀመሪያ ደረጃ የሀኪም እርዳታ የሆነው የቱ ነው?,ሀ. ሰውነትን አጥብቆ የያዘን ልብስና ቀበቶ ማውለቅ,ለ. ቁስሉን በንጹህ ጨርቅ ብቻ ላላ አድርጐ መሸፈን,ሐ. ተጐጂውን ማጽናናት,መ. ሁሉም,,መ
238,የደረቅ ቃጠሎ አደጋ የደረሰበትን ሰው ወደ ህክምና መስጫ ጣቢያ መውሰድ ይገባል፡፡,ሀ. እውነት,ለ. ሀሰት,,,,ሀ
239,በፈላ ውሀና በፈላ ቅባት የሚደርሰው የአደጋ ዓይነት የሆነው የቱ ነው?,ሀ. እርጥብ ቃጠሎ,ለ. ደረቅ ቃጠሎ,ሐ. የመርዝ ቃጠሎ,መ. ሁሉም,,ሀ
240,የተሽከርካሪ ጥገና ሲከናወን ሊሟላ የሚገባው የቱ ነው?,ሀ. በተገቢው የአለባበስ ሁኔታ ጥገና ማከናወን,ለ. የአካባቢን ብክለት ማስወገድ,ሐ. ለስራው ተገቢ መሣሪያ ማዘጋጀትና መጠቀም,መ. ሁሉም,,መ
241,አንድ አሽከርካሪ መለስተኛ ጥገና በሚያከናውንበት ወቅት ስራው ሊያስከትለው የሚችለውን ጫና ማወቅ ይጠበቅበታል፡፡,ሀ. እውነት,ለ. ሀሰት,,,,ሀ
242,አሽከርካሪው በስራው ላይ ሊያጋጥመው የሚችል የአደጋ ዓይነት የሆነው የቱ ነው?,ሀ. እሳት አደጋ,ለ. የተሽከርካሪ ግጭት,ሐ. የተሽከርካሪ መገልበጥ,መ. ሁሉም,,መ
243,አደጋን ለመከላከል የሚረዳ ቅድመ እርምጀ የቱ ነው?,ሀ. በቂ እረፍት መውሰድ,ለ. አማራጭ ማምለጫ ዘዴን ማወቅ,ሐ. መስኮት በመክፈት ሙቀትን መቀነስ,መ. ሁሉም,,መ
244,አንድ አሽከርካሪ በጉዞው ወቅት ለአደጋ መንስኤ ሊሆኑ የሚችሉ ነገሮችን አስቀድሞ መለየት ይገባዋል፡፡,ሀ. እውነት,ለ. ሀሰት,,,,ሀ
245,የተሽከርካሪን ፍጥነትና የመንገድ ሁኔታ አጠቃቀም ግምት ውስጥ አስገብቶ ማሽከርከር የአደጋን ተጋላጭነት ይቀንሳል፡፡,ሀ. እውነት,ለ. ሀሰት,,,,ሀ
246,አሽከርካሪዎች ከጉዞ በፊት የተሽከርካሪውን የቴክኒክ ብቃት የማረጋገጥ ችሎታ ሊኖራቸው ይገባል፡፡,ሀ. እውነት,ለ. ሀሰት,,,,ሀ
247,የጉዞን መስመር አጠቃላይ መረጃ መያዝ ተመራጭ ነው፡፡,ሀ. እውነት,ለ. ሀሰት,,,,ሀ
248,በየጊዜው የተሽከርካሪን ክፍሎች ያለመፈተሽ ለአደጋ የመጋለጥ እድልን ያሰፋል፡፡,ሀ. እውነት,ለ. ሀሰት,,,,ሀ
249,የመሰረታዊ የመጀመሪያ ህክምና እርዳታ አሰጣጥ በአሽክርካሪዎች የመተግበር ግዴታ የለበትም፡፡,ሀ. እውነት,ለ. ሀሰት,,,,ለ
250,አደጋ የማያደርሰው የጉዳት ዓይነት ያልሆነው የትኛው ነው?,ሀ. ፈጣን የሞት አደጋ,ለ. አካል ጉዳት,ሐ. ሀ እና ለ,መ. መልሱ የለም,,መ
251,የሰዎች ሞት በአደጋ ምክንያት ብቻ የሚከሰት የጉዳት ዓይነት ነው፡፡,ሀ. እውነት,ለ. ሀሰት,,,,ለ
252,የአካባቢ ብክለት በትራፊክ አደጋ ምክንያት የሚከሰት የጉዳት ዓይነት አይደለም፡፡,ሀ. እውነት,ለ. ሀሰት,,,,ለ
253,የአንድን አሽከርካሪ ቅድሚያ እርዳታ የሚሻ ክፍል የቱ ነው?,ሀ. አካለ ጉዳተኛ ተሳፋሪዎች,ለ. እግረኞች,ሐ. ሀ እና ለ,መ. መልሱ የለም,,ሀ
254,የአካል ጉዳተኛ ተሳፊሪ ወይም እግረኛ ራሱን ከትራፊክ አደጋ መከላከል አይችልም፡፡,ሀ. እውነት,ለ. ሀሰት,,,,ለ
255,እግረኞች የአሽከርካሪዎችን ያህል የአደጋና የደህንነት ግንዛቤ የላቸውም፡፡,ሀ. እውነት,ለ. ሀሰት,,,,ሀ
256,የራዲያተር ውሃ በችግር ምክንያት ሲፈላ አደጋ እንዳይደርስ በቀላሉ ክዳኑን ከፍቶ ውሃ መሙላት አይቻልም፡፡,ሀ. እውነት,ለ. ሀሰት,,,,ሀ
257,የተሽከርካሪ ሞተር ከፍተኛ ሙቀት በሚያሳይበት ወቅት ወዲያውኑ ቀዝቃዛ ውሃ መጨመር ይቻላል፡፡,ሀ. እውነት,ለ. ሀሰት,,,,ለ
258,ኤች አይ ቪ ኤድስ የምንከላከልበት መንገድ አንዱ የቫይረሱን ተጠቂዎችን በማግለል,ሀ. እውነት,ለ. ሀሰት,,,,ለ
259,ኤች አይ ቪ ኤድስን የመከላከያ መንገድ ኮንዶም መጠቀም ብቻ ነው፡፡,ሀ. እውነት,ለ. ሀሰት,,,,ለ
260,የአሽከርካሪዎች የራስ ደህንነት መጠበቂያ መሣሪያዎች ውስጥ አንዱ የደህንነት ቀበቶ ነው፡፡,ሀ. እውነት,ለ. ሀሰት,,,,ሀ
261,ከየትኛውም መንገድ ተጠቃሚ ጋር የሚፈጠርን ያለመግባባት ማስወገድ ያለመቻል ለአደጋ ያጋልጣል፡፡,ሀ. እውነት,ለ. ሀሰት,,,,ሀ
262,ለእይታ በሚያስቸግር የአየር ሁኔታ ውስጥ ረጅሙ መብራት እስካለ ደረሰ እንደልብ ማሽከርከር ይቻላል፡፡,ሀ. እውነት,ለ. ሀሰት,,,,ለ
263,ለአደጋ መፈጠር ብቸኛ ምክንያት የተሽከርካሪ ቴክኒክ ችግር ነው፡፡,ሀ. እውነት,ለ. ሀሰት,,,,ለ
264,በመንገድ ላይ የሚገኝ አሽከርካሪን የሚጠቅም ተቋም የቱ ነው?,ሀ. ሆቴል,ለ. ነዳጅ ማደያ,ሐ. ባንክ,መ. ሁሉም,,መ
265,በጉዞ መስመር ላይ የሚገኝን ማህበረሰብ አሸከርካሪ ማወቅና ማሽከርከር ይጠበቅበታል፡፡,ሀ. ባህል,ለ. እምነት,ሐ. ሀ እና ለ,መ. መልስ የለም,,ሐ
266,ለጉዞ የሚያስፈልግ የነዳጅ መጠንን መገመት አያስፈልገንም፡፡,ሀ. እውነት,ለ. ሀሰት,,,,ለ
267,አደጋ ማለት ከአሽከርካሪና ከተሽከርካሪ ጋር በተያያዘ የሚፈጠር ጉዳት ነው፡፡,ሀ. እውነት,ለ. ሀሰት,,,,ለ
268,ቆዳው ነጥቶና በልዞ የሚታይ ስንተኛ ደረጃ የቃጠሉ አይነት ነው ?,ሀ. የመጀመሪያ ደረጃ ቃጥሎ,ለ. ሁለተኛ ደረጃ ቃጠሎ,ሐ. ሦሰተኛ ደረጃ ቃጠሎ,መ. ሁሉም,,ሐ
269,ውሃ የቋጠረና ቆዳው የቀላ የቃጠሎ አይነት ሁለተኛ ደረጃ ቃጠሎ ይባላሉ,ሀ. እውነት,ለ. ሀሰት,,,,ሀ
270,ቆዳው ቀልቶና አብጦ የሚለበልብ የቃጠሎ አይነት የቱ ነው?,ሀ. የመጀመሪያ ደረጃ,ለ.ሁለተኛ ደረጃ,ሐ. ሶሰተኛ ደረጃ,መ. መልሱ የለም,,ሀ
271,በመሠረታዊ የመጀመሪያ እርዳታ አሠጣጥ ቅደም ተከተል ውሰጥ የማይካተትው የቱ ነው?,ሀ. ተጐጂው በጀረባ ማንጋለል,ለ. የድገተኛ አደጋ እርዳታ ጥሪ ማድረግ,ሐ. የተጐዳውን የአካል ክፍል መለየት,መ. መልሱ የለም,,መ
272,በተጐዳ ሰው አካል ውሰጥ የተሰነቀረ ባዕዳ አካል ካለ,ሀ. በአስቸኳይ ማውጣት ይገባል,ለ. ያለ ዶክተር ርዳታ መንካት አይገባም,ሐ. ሀ እና ለ,መ. መልሱ የለም,,ለ
273,የተጐዳውን ወይም የቆሰለውን ሰው አካል ክፍል በንፁህ ጨርቅ ማሠር ይገባል,ሀ. እውነት,ለ. ሀሰት,,,,ሀ
274,በመጀመሪያ እርዳታ ወቅት የማይጠቅም የግል መጠበቂያ መሣሪያ ያልሆነው የቱ ነው?,ሀ. ጓንት,ለ. የመተንፈሻ ክፍሎችን መሸፈኛ,ሐ. ሀ እና ለ,መ. መልሱ የለም,,መ
275,በመጀመሪያ እርዳታ አሰጠጥ ወቅት አደጋ የደረሰበትን ሰው,ሀ. ከአቅም በላይ መርዳት አለመሞከር ይገባል,ለ. በርህራሄ መርዳት,ሐ. የተጐዳውን ሠው ማፅናናት,መ. ሁሉም,,መ
276,በአይን ውሰጥ ባዕድ አካል ቢገባ የድገተኛ አደጋ እርዳታ መጥራት እንጂ ለማውጣት መሞከር አይገባም,ሀ. እውነት,ለ. ሀሰት,,,,ሀ
277,አይን ሲጐዳ መደረግ ያለበት,ሀ. ማሸት,ለ. መጫን,ሐ. በረዶ ማድረግ,መ. መልሱ የለም,,መ
278,በቃጠሎ ምክንያት አካል ውሃ ሲቋጥር,ሀ. አንቲባዩቲክ ጄል መቀባት,ለ. ክሬም መቀባት,ሐ. ስቴራላይዝድ በሆነ ነገር መሸፈን,መ. ሁሉም,,መ
279,የህክምና እርዳታ የሚፈልግ ቁስል ከመነካካት ይልቅ በንፁህ ጨርቅ በመሸፈን የህክምና ባለሙያ ማሳየት ይገባል፡፡,ሀ. እውነት,ለ. ሀሰት,,,,ሀ
280,ጥቁሩ የአይን ክፍል ሲጐዳ በአይን ዙሪያ በሚገኝ አጥንት ላይ በረዶ ማድረግ አስፈለጊ ነው,ሀ. እውነት,ለ. ሀሰት,,,,ሀ
281,የስብራት ጉዳት አይነት ያልሆነው የቱ ነው?,ሀ. ዝግ ሰብራት,ለ. ክፍት ሰብራት,ሐ. የተዘበራረቀ ሰብራት,መ. መልሱ የለም,,መ
282,የመድማትና የመቁሰል ምልክት የሚያሣይ የስብራት አይነት የቱ ነው?,ሀ. ክፍት ስብራት,,ሐ. የተዘበራረቀ ስብራት,መ. ሁሉም,,ሀ
283,የደም ስሮችንና ነርቭን የሚጐዳ የስብራት አይነት የቱ ነው?,ሀ. ዝግ ስብራት,,ሐ. ክፍት ስብራት,መ. ሁሉም መልሰ,,ለ
284,የመቁሰል ወይም የመድማት ምልክት የሚያሣይ ስብራት ዓይነት ዝግ ስብራት ይባላል,ሀ. እውነት,ለ. ሀሰት,,,,ለ
285,በእሳት፣ በብረት፣ በጋለ እቃ የሚከሰት የቃጠሎ አይነት,ሀ. ርጥብ ቀጥሎ,ለ. ደረቅ ቀጥሎ,ሐ. የመርዝ ቀጥሎ,መ. መልሰ የለም,,ለ
286,የመርዝ ቃጠሎ የሚባለው በፈላ ወሃና ቅባት የሚከሰት ነው,ሀ. እውነት,ለ. ሀሰት,,,,ለ
287,የአደጋ ክስተት ሪፖርት ከሚያካትታቸው መረጃዎች ውሰጥ የማይካተተው የቱ ነው?,ሀ. የአደጋ ውጤት,ለ. የጉዳት አይነት,ሐ. የአደጋ መነሻ,መ. መልሱ የለም,,መ