1,በቤንዚን የሚሠራ ሞተር ነዳጅ ከነዳጅ ጋን (ስልባትዮ) ወደ ካርቡሬተር እንዲተላለፍ የሚያደርገዉ ምንድነው?,ሀ. አየር ማጣሪያ,ለ. ካርቡሬተር,ሐ. የነዳጅ ፖምኘ,መ. ስልባትዮ,,ሐ
2,አንድ ሞተር ኃይል ለማመንጨት የሚጠቀመውን ነዳጅ ማከማቸት ወይም ማጠራቀሚያ --------------------ይባላል,ሀ. ነዳጅ ጋን (ስልባትዮ),ለ. ማጣሪያ,ሐ. ካርቡሬተር,መ. ማቀዝቀዣ,,ሀ
3,በአንድ የቤንዚን ሞተር ላይ የነዳጅ እና የአየር ድብልቅ ማመጣጠን የሚከናወነው በትኛው ክፍል ነው?,ሀ. በቦቢና,ለ. በካርቡሬተር,ሐ. በሞተሪኖ,መ. በማቀዝቀዣ ክፍል,,ለ
4,በሞተር አካባቢ ሊሰማ የሚችልን የማይፈለግ ድምጽንና በካርቡሬተር በኩል የሚመጣን እሳት አፍኖ የሚያስቀር ክፍል?,ሀ. ቼሬላ,ለ. ዴብራተር (አየር ማጣሪያ),ሐ. ሳልባትዮ,መ. ካርቡሌተር,,ለ
5,በካርቡሬተር ላይ የምንጠቀመው የአየር ማጣሪያ ዓይነት?,ሀ. ደረቅ አየር ማጣሪያ,ለ. እርጥብ የአየር ማጣሪያ,ሐ. ሀ እና ለ,መ. የአውቶማቲክ ቾክ፣,,ሀ
6,አየር በሞተር ውስጥ በመግባት በመታመቅና የታመቀው አየር ከፍተኛ ሙቀት ላይ ሲደርስ በላዩ ላይ ነዳጅ በተን መልክ በመረጨት የሚያቀጣጠል የሞተር ዓይነት---------ነው,ሀ. ተርባይን ሞተር፣,ለ. ባለቤንዝል ሞተር ,ሐ. ባለናፍጣ ሞተር   ,መ. ባለጋዝ ሞተር,,ሐ
7,በናፍጣ በሚሠራ ሞተር በሲሊንደር ዉስጥ ናፍጣውን (ነዳጁን) በትነት መልክ የሚረጭ ክፍል ምን ተብሎ ይጠራል?,ሀ. አንጄክተር ፖምኘ,ለ. የነዳጅ ማጣሪያ፣,ሐ. ኢንጄክተር ኖዝል፣,መ. የነዳጅ መስመር,,ሐ
8,በናፍጣ ሞተር ላይ በመጀመሪያና በሁለተኛ ማጣሪያዎች የገባ ነዳጅ ከተጣራ በኋላ ወደ ኢንጄክሽን ፖምኘ በመግፋት የሚያስተላልፍ ክፍል የቱ ነው?,ሀ. ኢንጄክተር ኖዝል፣,ለ. ፕራይመሪ ፖምፕ፣,ሐ. መጋቢ ፖምኘ,መ. ኢንጄክተር ፖምኘ,,ሐ
9,በናፍጣ ሞተር ላይ ሲሊንደር ውስጥ የሚገባው እርጥበት አዘል አየርን በማሞቅ ሞተሩን በቀላሉ እንዲነሳ የሚያገለግል?,ሀ. ቦቢና,ለ. ካንዴላ,ሐ. ግሎው ኘላግ፣,መ ኖዝል፣,,ሐ
10,ቤንዝንና በናፍጣ ሞተር ነዳጅ አስተላለፍ ክፍሎች መደረግ የሌለበት,ሀ. የነዳጅ መጠንን በነዳጅ ማመልከቻ ጌጅ ማወቅ,ለ. በስልባትዮ (ነዳጅ ጋን) ውስጥ የነዳጅ መጠንን ለማወቅ እንጨት /ኘላስቲክ/ ቱቦ,ሐ. ነዳጅ በስልባትዮ ውስጥ ከግማሽ በታች እንዳይሆን መከታተል,መ. በስባትዮ ውስጥ እንደ ሞተሩ ዓይነት ትክክለኛውን ነዳጅ መጠቀም,,ለ
11,ሞተር ለማቀዝቀዝ የሚያገለግል ዘዴ የትኛው ነው,ሀ. በውሃ ማቀዝቀዝ,ሐ. በአየር ማቀዝቀዝ,ለ. በማለስላሻ ዘይት,መ. ሀ እና ሐ መልስ ናቸው,,መ
12,በሞተር ውስጥ ውሃ እንዲዘዋወር የሚያደርግ የማቀዝቀዣ ክፍል የቱ ነዉ?,ሀ. የውሃ ፖምኘ,ሐ. ሪዘርቭየር /ኤክስፖንሽን ታንከር/,ለ. ራዲያተር,መ. ሆዝ /መስመር/,,ሀ
13,ከውጭ ወደ ሞተር ዙሪያ አየርን በመቅዘፍ በቀጥታ ራዲያተሩንና የሞተሩን ዙሪያው የሚያቀዘቅዝ ክፍል?,ሀ. ራዲያተር,ሐ. ቬንትሌተር,ለ. የውሃ ፖምኘ        ,መ. ኤር ኮንዲሽነር,,ሐ
14,አሽከርካሪው የተሽከርካሪውን አቅጣጫ የሚቆጣጠረበት መሣሪያ ፍሬን ይባላል፡፡,ሀ. እውነት፣,ለ. ሀሰት፣,,,,ሀ
15,የተሽከርካሪ ሞተር ሙቀት እንዳይጨምር የሚያደርግ አጋዥ ክፍል ኤሌክትሪክ ክፍል,ሀ. እውነት፣,ለ. ሀሰት፣,,,,ለ
16,አሽከርካሪዎች የጐማን ብሎን መላላት ተከታትለው በየወቅቱ መፈተሽ አለባቸው፡፡,ሀ. እውነት፣,ለ. ሀሰት፣,,,,ሀ
17,የማሽከርከር ሥልት ሥልጠና አሸከርካሪው በተለያዩ መልከዓ-ምድራዊ አቀማመጥ ባለላቸው መንገዶች ላይ እንዴት ማሽከርከር እንዳለበት የሚሰጥ ሥልጠና ነው፡፡,ሀ. እውነት፣,ለ. ሀሰት፣,,,,ሀ
18,የአንድን ተሽከርካሪ ሞተር በማስነሳት ጊዜ የእጅ ፍሬን መያዝ አስፈላጊ አይደለም፡፡,ሀ. እውነት፣,ለ. ሀሰት፣,,,,ለ
19,የተሽከርካነውን ሞተር ለማስነሳት የማስነሻ ቁልፉን ከ30 ሰኮንድ በላይ ይዞ መቆየት አይገባም፡፡,ሀ. እውነት፣,ለ. ሀሰት፣,,,,ለ
20,ማንኛውም ተሽከርካሪ በማስነሻው ቁልፍ ሞተሩ መነሳት ካልተቻለ ተሽከርካነውን በግፊት ማስነሳት ይቻላል፡፡,ሀ. እውነት፣,ለ. ሀሰት,,,,ለ
21,የቤንዚን ተሽከርካሪን ሞተር በቁልፍ ስናስነሳ የካርቡሬተሩን ቾክ ቫልቭ በማሳብ በቀላሉ የሚነሳ ሲሆን በናፍጣ ሞተር ግን በቀጥታ ቁልፉን በመጠምዘዝ በቀላሉ የሚነሳ ይሆናል፡፡,ሀ. እውነት፣,ለ. ሀሰት፣,,,,ሀ
22,በፍሪሲዮንና በነዳጅ አመጣጥኖ ተሽከርካሪን ለተወሰነ ደቂቃ ባላንስ በማድረግ ማቆም ተሽከርካሪው ወደ ኋላ ወይንም ወደ ፊት እንዳይንሸራተት ማድረግ ነው፡፡,ሀ. እውነት፣,ለ. ሀሰት፣,,,,ሀ
23,እጅግ በጣም ተጠጋጋቶ ማሸከርከር ለአደጋ መፈጠር አንደኛው ምክንያት ቢሆንም ሌላው እንደ ምክንያት የሚጠቀሰው የመንገዱን አጠቃላይ ሁኔታ አለመረዳት ነው፡፡,ሀ. እውነት፣,ለ. ሀሰት፣,,,,ሀ
24,የናፍጣ ሞተር ተሽከርካሪን ሞተሩን እንደ ቤንዚን ሞተር ተሽከርካሪ በቀጥታ ለማስነሳት የማይቻለው ለምንድን ነው፡፡,ሀ. ለማስነሳት ቁልፍ ስለሚያስቸግር፣,ለ. ለማስነሳት በቅድሚያ ሞተሩን ማሞቅ ያስፈልጋል፣,ሐ. የተቆለፈው መሪ ቶሎ ስለማይከፈት፣,መ. መልስ አልተሰጠም፣,,ለ
25,ማንኛውም የተሸከርካሪ ሞተር በተለይ ጠዋት ጠዋት በቁልፍ ስናስነሳ ሞተሩን ለ15 ደቂቃ በሚኒሞ ማሠራት ለምን አስፈለገ፡፡,ሀ. የተነሳው ሞተር እንዲሞቅ፣,ለ. በሞተሩ ውስጥ ያለው የሞተር ዘይት በየሲስተሙ እንዲዘዋወር ለማድረግ፣,ሐ. በራዲያተሩ ውስጥ ያለው ቀዝዘዛ ውሃ መካከለኛ ሙቀት እንዲኖረው፣,መ. ሁሉም መልስ ነው፡፡,,መ
26,በሥራ ላይ የነበረን የተሽከርካሪ ሞተር ለማጥፋት በቅድሚያ መከናወን ያለበት፡፡,ሀ. ፍሪሲዮንና ፍሬን መርገጥ፣,ለ. ማርሽ ዜሮ ማድረግና የእጅ ፍሬን መያዝ፣,ሐ. ማስነሻ ቁልፍን ከStart ወደ Lock አቅጣጫ ማዞር,መ. ሁሉም መልስ ነው፡፡,,ሀ
27,ከሚከተሉት ውስጥ አንዱ በሲሊንደር ሔድ ላይ ከሚገኙት እቃዎች ውስጥ አይመደብም፡፡,"ሀ. ካንዴላ,","ለ. ካንዴለቲ,","ሐ. ፖምፔታ,","መ. ቫልቭ,",,ሀ
28,ከሚከተሉት ውስጥ አንዱ በሲሊንደር ሔድ ላይ ከሚገኙት እቃዎች ውስጥ አይመደብም,ሀ. ካንዴላ,ሐ. ፖምፔታ,ለ. ካንዴለቲ,መ. ቫልቭ,,ሐ
29,የዲፈረንሻል ተግባር ከሞተር የመጣውን ዙር በ9ዐ% ዲግሪ ቀይሮ ለሺሚያስ ማስተላለፍ ነው,ሀ. እውነት,ለ. ሀሰት,,,,ሀ
30,መካከለኛ ውፍረት ያለው ብረት ሆኖ ኃይልን ለጐማ የሚያቀብል ክፍል ተብሎ ይጠራል፡፡,"ሀ. ሺሚያስ,","ለ. ኘሮፔለር ሻፍት,","ሐ. ካምሻፍት,","መ. ቫልቭ ጋይድ,",,ሀ
31,ፒስተን በየትኛው የሞተር ክፍል ውስጥ ይገኛል?,"ሀ. በሲሊንደር ሄድ,","ለ. በሲሊንደር ብሎክ,","ሐ. በዲፈረንሻል,",መ. መልሱ አልተሰጠም,,ለ
32,ዲፈረንሻል ከሞተር የመጣውን ዙር በኩርባ መንገድ ላይ ለሁለቱም ጐማዎች እኩል ያከፋፍላል,ሀ. እውነት,ለ. ሀሰት,,,,ለ
33,የባትሪ መሙያ ክፍል ተግባር ሞተሩ እንደተነሳ ባትሪው ለሞተሪኖ ያቀበለውን የኤሌክትሪክ ሀይል መልሶ መተካት ነው,ሀ. እውነት,ለ. ሀሰት,,,,ሀ
34,ከሚከተሉት አንዱ የሞተር ማስነሻ ክፍል አይደለም,"ሀ. ቁልፍ,","ለ. ሞተሪኖ,","ሐ. ባትሪ,","መ. መልሱ አልተሰጠም,",,መ
35,የዲስትሪቢውተር ተግባር ከቦቢና የመጣውን የኤሌክትሪክ ኃይል ለካንዴላ ማቀበል ነው,ሀ. እውነት,ለ. ሀሰት,,,,ሀ
36,የፑንቲና ተግባር የሆነው የቱ ነው?,"ሀ. ከባትሪ ወደ ቦቢና የሚሄደውን,","ለ. ፑንቲናን እንዳይቃጠል,","ሐ. ከቦቢና የመጣውን,","መ. ሁሉም መልስ ይሆናሉ,",,ሐ
37,የኮንዴንሰር ተግባር ፑንቲና እንዳይቃጠል መጠበቅ ነው,ሀ. እውነት,ለ. ሀሰት,,,,ሀ
38,የተሽከርካሪ መሠረታዊ አካል የሚባሉት ------ ናቸዉ,"ሀ. ቦዲ,","ሐ. ሞተር,","ለ. ሻንሲ,",መ. ሁሉም መልስ ነው,,መ
39,የኃይል አስተላላፊ ክፍሎች የተሽከርካሪ መሠረታዊ አካል አንድ ክፍል ናቸው,ሀ. እውነት,ሀ. እውነት,,,,ሀ
40,በምሽት ጊዜ ተሽከርካሪን ከመንገድ ጠርዝ ላይ ስናቆም የሚበራ መብራት ነው,"ሀ. ሀዛርድ ፍሬቻ,","ሐ. የፊት መብራት,","ለ. ፖርኪንግ መብራት,",መ. የኋላ መብራት,,ለ
41,በባትሪ ውስጥ የሚገኝ ፈሳሽ የውሃና የሰልፈሪክ አሲድ ድብልቅ ነው,ሀ. እውነት,ለ. ሀሰት,,,,ሀ
42,የታርጋ መብራት አገልግሎት በምሽት ጊዜ ተሽከርካሪው አደጋ አድርሶ ቢያመልጥ በታርጋው እንዲያዝ ለማድረግ ነዉ,ሀ. እውነት,ለ. ሀሰት,,,,ሀ
43,በባትሪው ውስጥ ምን ያህል የኤሌክትሪክ ኃይል እንዳለ የሚጠቁም መሳሪያ ይባላል?,ሀ. ጀነሬተር,ለ. ባትሪ ጌጅ,ሐ. ሬጉሌተር,መ. ዲናሞ,,ለ
44,በተሽከርካሪ ላይ የሚገኙት ፊውዞች በቅርጽና በሚያስተላልፉት የኤሌክትሪክ መጠን ተመሳሳይ ናቸ,ሀ. እውነት,ሀ. እውነት,,,,ለ
45,ሞተር እየሰራ የባትሪ ምልክት ያለበት ጌጅ ሲበራ,ሀ. ባትሪው ቻርጅ እየተደረገ ነው,ለ. ባትሪው ቻርጅ እየተደረገ አለመሆኑን ይጠቁማል,ሐ. “ሀ” እና “ለ” መልስ ይሆናሉ,መ. መልሱ አልተሰጠም,,ለ
46,በተሽከርካሪ ላይ የዝናብ መጥረጊያ ከፊተኛው መስታወት ላይ ብቻ ይገኛል,ሀ. እውነት,ለ. ሀሰት,,,,ለ
47,የሞተር ዘይት አንዱ ተግባር የሞተሩን የውስጥ ክፍል ማጽዳት ነው,ሀ. እውነት,ለ. ሀሰት,,,,ለ
48,የነዳጅን አሰጣጥ መመጠን ከአንድ አሽከርካሪ የሚጠበቅ ባህሪ ነው?,ሀ. እውነት,ለ. ሀሰት,,,,ሀ
49,የፊት ጐማዎች ከኋለኛው ይልቅ የላቀ የንፋስ መጠን ሊኖራቸው ይገባል,ሀ. እውነት,ለ. ሀሰት,,,,ለ
50,በተሽከርካሪ ላይ የተለያየ መጠን ያለውን ጐማ መግጠም በተሽከርካሪው ላይ ምንም የሚያስከትለው ችግር የለም,ሀ. እውነት,ለ. ሀሰት,,,,ለ
51,የራዲያተር ውሃ መጉደል ለሞተር መሞቅ ምክንያት ይሆናል,ሀ. እውነት,ለ. ሀሰት,,,,ሀ
52,መብራቶች በየጊዜው ከሚፈተሹ የተሽከርካሪ ክፍሎች ውስጥ ይመደባሉ,ሀ. እውነት,ለ. ሀሰት,,,,ሀ
53,የፍሬን ፔዳል ሲረገጥ እንደ እስፖንጅ ከላላ በመስመሩ ውስጥ አየር መግባቱን ያመለክታል,ሀ. እውነት,ለ. ሀሰት,,,,ሀ
54,የፍሬን ሸራ ሲበላ የፍሬን ፔዳል ዝቅ ይላል,ሀ. እውነት,ለ. ሀሰት,,,,ሀ
55,የእጅ ፍሬንን ብቃት በሜዳማ ቦታ ላይ ማረጋገጥ ይቻላል,ሀ. እውነት,ለ. ሀሰት,,,,ለ
56,በዘይት የሚታገዝ የመሪ ክፍል ቺንጋ መላላት ለመሪ ብቃት መቀነስ ምክንያት ይሆናል,ሀ. እውነት,ለ. ሀሰት,,,,ሀ
57,የባትሪ ውሃ መጠን ዝቅ ማለት ከባትሪው የሚገኘውን የኤሌክትሪክ መጠን እንዲቀንስ ያደርጋል,ሀ. እውነት,ለ. ሀሰት,,,,ሀ
58,ከሚከተሉት አንዱ በቺንጋ አይነዳም,ሀ. የውሃ ፖምኘ,ለ. ጀነሬተር,ሐ. የመሪ ዘይት,መ. መልሱ አልተሰጠም,,መ
59,ተሽከርካሪን በዳገት ላይ ስናቆም ማርሹን ዜሮ ላይ ማድረግ አለብን,ሀ. እውነት,ለ. ሀሰት,,,,ለ
60,ተሽከርካሪን በቁልቁለት ላይ ስናቆም ማርሹን አንደኛ ላይ ማድረግ አለብን,ሀ. እውነት,ለ. ሀሰት,,,,ለ
61,ሞተር ስናስነሳ ቁልፉን ለአንድ ደቂቃ “start” የሚለው ላይ መያዝ ይኖርብናል,ሀ. እውነት,ለ. ሀሰት,,,,ለ
62,በትናንሽ አውቶሞቢሎች ላይ የተሽከርካሪውን ፍጥነት ለመቆጣጠር ፍሬና ሞተር መጠቀም ይቻላል,ሀ. እውነት,ለ. ሀሰት,,,,ለ
63,በመፍጠን ላይ ያለን ተሽከርካሪ የእጅ ፍሬን ተጠቅሞ ማቆም ይቻላል,ሀ. እውነት,ለ. ሀሰት,,,,ለ
64,ሞተር ጠፍቶ ባለበት ሰዓት ፍሬና ሞተርን መጠቀም ይቻላል,ሀ. እውነት,ለ. ሀሰት,,,,ሀ
65,በዘይት ከሚሠራው መሪ ይልቅ ሜካኒካል መሪ ለአጠቃቀም አስቸጋሪና ጠንካራ ነው,ሀ. እውነት,ለ. ሀሰት,,,,ሀ
66,ለመሪ የሚያገለግለው ዘይትና ለሞተር የምንጠቀመው ዘይት በሁሉም ተሽከርካሪ ተመሳሳይ ነው,ሀ. እውነት,ለ. ሀሰት,,,,ለ
67,የጐማ ንፋስ መጠን መቀነስ ለመሪ መጠንከር ምክንያት ይሆናል,ሀ. እውነት,ለ. ሀሰት,,,,ሀ
68,በዘይት የሚሠራ ፍሬን በአየር ከሚሠራው በተሻለ የፍሬን ብቃቱ የላቀ ነው,ሀ. እውነት,ለ. ሀሰት,,,,ለ
69,ሪዶታ ለፍጥነት የሚያገለግል የማርሽ አይነት ነው,ሀ. እውነት,ለ. ሀሰት,,,,ለ
70,አውቶማቲክ ማርሽ ያላቸው ተሽከርካሪዎች ላይ ተሽከርካሪው በእንቅስቃሴ ላይ እያለ ማርሽ መነካካት ይቻላል,ሀ. እውነት,ለ. ሀሰት,,,,ለ
71,ተሽከርካሪ በቁልፍ አልነሳ ካለ በግፊ ማስነሳት ይመረጣል,ሀ. እውነት,ለ. ሀሰት,,,,ለ
72,የተሽከርካሪ መሪ በአየር እየታገዘ መስራት ይችላል,ሀ. እውነት,ለ. ሀሰት,,,,ለ
73,1ኛ እና 2ኛ ማርሾች ለተሽከርካሪው ፍጥነትን ያስገኛሉ,ሀ. እውነት,ለ. ሀሰት,,,,ለ
74,የኋላ ማርሽ ከአራተኛ የበለጠ ጉልበት አለው,ሀ. እውነት,ለ. ሀሰት,,,,ሀ
75,አውቶማቲክ ማርሽ የራሱ የሆነ የማርሽ ማሰሪያ አለው,ሀ. እውነት,ለ. ሀሰት,,,,ሀ
76,ተሽከርካሪው ለመቆም መፈለጉን የሚጠቁም መሳሪያ ፍሬቻ ይባላል,ሀ. እውነት,ለ. ሀሰት,,,,ሀ
77,ተሽከርካሪን ከቆመበት ለማንቀሳቀስ በመጀመሪያ የመነሻ ማርሽ ከማስገባት በፊት የእጅ ፍሬኑን መልቀቅ ያስፈልጋል,ሀ. እውነት,ለ. ሀሰት,,,,ለ
78,ለረጅም ጊዜ የሠራን ሞተር ቶሎ ማጥፋት ለቱርቦ ቻርጀር መበላሸት ምክንያት ይሆናል,ሀ. እውነት,ለ. ሀሰት,,,,
79,የሞተር ቁልፍ ሲበላሽ የኤሌክትሪክ ገመዶች በመቀጣጠል ሞተር ማስነሳት ይፈቀዳል,ሀ. እውነት,ለ. ሀሰት,,,,ሀ
80,የቤንዚን ሞተር ሁለት የነዳጅ ፖምኘ አለው,ሀ. እውነት,ለ. ሀሰት,,,,ለ
81,ተሽከርካሪው በዳገት ላይ ሲቆም የኋላ ማርሽ አስገብቶ ማቆም ተገቢ ነዉ,ሀ. እውነት,ለ. ሀሰት,,,,ለ
82,ሞተር ወዲያው እንደተነሳ ነዳጅ እየሰጡ ጉዞ መጀመር ተገቢ ነው,ሀ. እውነት,ለ. ሀሰት,,,,ለ
83, ሞተር ከተነሳ በኋላ የማስነሻ ቁልፉ የሚሆነው ---------- ላይ ነው,ሀ. ሎክ,ለ. ማስነሻ,ሐ. ኦን,መ. መልሱ የለም,,ለ
84,የቆሸሸና ንፅህናው ያልተጠበቀ ተሽከርካሪ ለአደጋ ያጋልጣል,ሀ. እውነት,ለ. ሀሰት,,,,ሐ
84,የቆሸሸና ንፅህናው ያልተጠበቀ ተሽከርካሪ ለአደጋ ያጋልጣል,ሀ. እውነት,ለ. ሀሰት,,,,ሀ
85,የቀኝ ፍሬቻ ተሽከርካሪን ከቆመበት ለማስነሳት የምንጠቀምበት የማስጠንቀቂያ ምልክት ነው,ሀ. እውነት,ለ. ሀሰት,,,,ለ
86,በአውቶማቲክ የማርሽ ዘንግ ላይ ያለው “R“ ተሽከርካሪዉ ሲቆም ዘንጉ የሚያርፍበት ቦታ ነው,ሀ. እውነት,ለ. ሀሰት,,,,ለ
88,የጋቢና ውስጥ መስታወት በጐን በኩል ያለውን የተሽከርካሪ ክፍል ለመቆጣጠር ያገልግላል,ሀ. እውነት,ለ. ሀሰት,,,,መ
89,የፍሪሲዮን ፔዳል በአሽከርካሪው በስተቀኝ በኩል የሚገኝ ፔዳል ነው,ሀ. እውነት,ለ. ሀሰት,,,,ለ
90,የነዳጅ መስጫ የተሽከርካሪ ፍጥነት መቆጣጠሪያ መሳሪያ ነው,ሀ. እውነት,ለ. ሀሰት,,,,ለ
91,ለመቆም ሲፈለግ በቅድሚያ መደረግ ያለበት የውስጥ መመልከቻ መስታወት በማየት ከኋላ በቅርብ እርቀት ሌላ ተሽከርካሪ አለመኖሩን ማረጋገጥ ይገባል,ሀ. እውነት,ለ. ሀሰት,,,,ሀ
92,ጥምዝ ሞላ የተሸካሚ ክፍል ነው,ሀ. እውነት,ለ. ሀሰት,,,,ሀ
93,የፍሪሲዮን ፔዳል ባይረግጥም ተሽከርካሪው ፍጥነት ላይ እያለ ማርሹን መለዋወጥ ይቻላል,ሀ. እውነት,ለ. ሀሰት,,,,ሀ
94,ዲፈረንሻል የተሽከርካሪ የመቆጣጠሪያ ክፍል ነው,ሀ. እውነት,ለ. ሀሰት,,,,ለ
95,ባትሪ በየሲሊንደሮች ላይ እሳት የሚረጭ የኤሌክትሪክ ክፍል ነው,ሀ. እውነት,ለ. ሀሰት,,,,ለ
96,ዲስትሪቢውተር በናፍጣ ሞተር የኤሌክትሪክ ክፍል ነው,ሀ. እውነት,ለ. ሀሰት,,,,ለ
97,ከሚከተሉት ውስጥ ፈጣን አደጋ የሚያስከትለው የቱ ነው,ሀ. የፍሬን ብልሽት,ለ. የማቀዝቀዣ ክፍል ብልሽት,ሐ. የኤሌክትሪክ ክፍል ብልሽት,መ. የኃይል አስተላላፊ ክፍል ብልሽት,,ለ
98,ሞተር የሚጠፋው የሞተር ማስነሻ ቁልፉ “ACC” የሚለው ላይ ሲደረግ ነው,ሀ. እውነት,ለ. ሀሰት,,,,ሀ
99,የእጅ ፍሬን ብዙ ጊዜ በአሽከርካሪው በስተግራ በኩል የሚገኝ የተሽከርካሪ መቆጣጠሪያ መሳሪያ ነው,ሀ. እውነት,ለ. ሀሰት,,,,ለ
100,ጐማ የኃይል አስተላላፊ ክፍል ነው,ሀ. እውነት,ለ. ሀሰት,,,,ሀ
101,በፍጥነት እየተጓዘ ያለን ተሽከርካሪ ፍጥነት ለመቆጣጠር በቅድሚያ የሚረገጠው የፍሪሲዮን ፔዳል ነው,ሀ. እውነት,ለ. ሀሰት,,,,ለ
102,ካምቢዮ በሞተር እና በፍሪሲዮን መካከል የሚገኝ የሀይል አስተላላፊ ክፍል ነው,ሀ. እውነት,ለ. ሀሰት,,,,ለ
103,ዳሽ ቦርድ በየትኛው የተሸካርካሪ ክፍል ውስጥ ይገኛል?,ሀ. በሞተር,ለ. በጋቢና,ሐ. በሻንሲ,መ. በኃይል አስተላላፊ,,ሐ
104,በዳሽ ቦርድ ላይ የሚገኘው የባትሪ ቻርጅ ጠቋሚ መብራት ሞተር እየሰራ ሲበራ የምን ምልክት ነው?,ሀ. የባትሪ መድከም,ለ. ምልክት የለውም,ሐ. የሰዓት,መ. የባትሪ ቻርጅ አለማድረግ,,መ
105,በዳሽ ቦርድ ላይ ያለው የዘይት ግፊት ጠቋሚ መብራት ላይ ያለው ምልክት የምንድ ነው?,ሀ. የባትሪ ምልክት,ለ. የሰዓት ምልክት,ሐ. የዘይት መጨመሪያ ኩባያ,መ. መልሱ የለም,,ለ
106,የኮንዴንሰር ሥራ ፑንቲና በመክፈትና በመዝጋት ጊዜ በኤሌክትሪክ ብልጭታ ምከንያት እንዳይቃጠል መከላከል ነው፡፡,ሀ. እውነት,ለ. ሐሰት,,,,ሀ
107,በዳሽ ቦርድ ላይ ያለው የተሽከርካሪ ፍጥነት አመልካች ጌጅ መለኪያው ----- ነው;,ሀ. ኪሎ/በሰዓት,ለ. ኪሜ / በደቂቃ,ሐ. ሜትር/በደቂቃ,መ. ሜትር/በሰዓት,,ሀ
108,በተሸከርካሪ ላይ የሚገኘው ቦዲ ተመሳሳይ ነው፡፡,ሀ. እውነት,ለ. ሐሰት,,,,ለ
109,በጋቢና ውሰጥ ያለ የውሰጥ መብራት ከኋላ በኩል የለውን ቦታ በግልፅ ሰለሚያሳይ በምሸት ወደ ኃላ ለመጓዝ ይረዳል፡፡,ሀ. እውነት,ለ. ሐሰት,,,,ለ
110,ኦዶ ሜትር በተሸከርካሪው ውስጥ ያለውን የነዳጅ መጠን ለማሳየት የሚያገለግል መሣሪያ ነው፡፡,ሀ. እውነት,ለ. ሐሰት,,,,ለ
111,ፑንቲና እንድትከፍተና እንድተዘጋ የሚያደረገው ቁልፍ ነው፡፡,ሀ. እውነት,ለ. ሐሰት,,,,ለ
112,የተሽከርካሪ ረጅሙ የፊት መብራት በብርሐን ሀይሉ ከአጭሩ ያነሰ ነው፡፡,ሀ. እውነት,ለ. ሐሰት,,,,ለ
113,በባትሪ ውስጥ ማንኛውንም ያልተጣራ ውኃ ብንጨምር በባትሪ ውስጥ ዝገት እንዲፈጠር ምክንያት ይሆናል፡፡,ሀ. እውነት,ለ. ሐሰት,,,,ሀ
114,የባትሪ ውኃ ስንጨምር የውኃው መጠኑ Max ከሚለው በታች መሆነ አለበት፡፡,ሀ. እውነት,ለ. ሐሰት,,,,ሀ
115,በተሽከርካሪ ላይ ከመጠን ያለፈ ክብደት መጫን የተሽከርካሪው ከፍሎች ብቃት እንዲቀንስ ያደርጋል፡፡,ሀ. እውነት,ለ. ሐሰት,,,,ሀ
116,ፍሬቻ ተሽከርካሪን ለማሰቀደም አያገለገልም፡፡,ሀ. እውነት,ለ. ሐሰት,,,,ለ
117,በጉዞ ላይ ከመቆማችን በፊት አስቀድመን የግራ ፍሬቻ ማሳየት አለብን፡፡,ሀ. እውነት,ለ. ሐሰት,,,,ለ
118,የሠሌዳ መብራት በምሽት ጊዜ ከኋላ በኩል ያለውን ቦታ አጥርቶ ለማየት ያገለግላል፡፡,ሀ. እውነት,ለ. ሐሰት,,,,ለ
119,የዝናብ መጥረጊያውን የሚቆጣጠረው ሬጉሌተር ነው፡፡,ሀ. እውነት,ለ. ሐሰት,,,,ለ
120,የዝናብ መጥረጊያ በጐን መሰታወቶች ላይ ይገኛል፡፡,ሀ. እውነት,ለ. ሐሰት,,,,ለ
121,የፍሬቻ መብራት ከፊትና ከኋላ ብቻ የሚገኝ የኤሌክትሪክ ክፍል ነው፡፡,ሀ. እውነት,ለ. ሐሰት,,,,ለ
122,ሞተር ሣይነሣ ቁልፍ ሲከፈት በዳሽ ቦርድ ላይ ያለ የዘይት ግፊት መለኪያ መብራት,ሀ. ይበራል,ለ. ይጠፋል,ሐ. ብርት ጥፍት ይላል,መ. መልሱ አልተሰጠም,,ሀ
123,ለተሽከርካሪ ጉልበት መቀነስ ምክንያት ከሆኑት ውስጥ የሚካተተው የቱ ነው?,ሀ. የፒስተን ቀለበት መብሳት,ለ. የሲሊንደር መስፋት,ሐ. የአየር እና የነዳጅ ድብልቅ ማነስ,መ. ሁሉም መልስ ነው,,መ
124,የራዲያተር ውሃ ከመጠን በላይ መሞቅ ምክንያት በኤክስፖንሽን ታንክ ውስጥ በቂ ውሃ አለመኖር ነው፡፡,ሀ. እውነት,ለ. ሀሰት,,,,ሀ
125,ሞተር ሲቀዘቅዝ ውሃ ከራዲያተር ወደ ኤክስፖንሽ ታንክ የተወሰነ ውሃ በትነት መልክ ይወገዳል፡፡,ሀ. እውነት,ለ. ሀሰት,,,,ለ
126,የካምቢዮ ተግባር ተሸከርካሪው ወደ ተፈለገበት አቅጣጫ እንዲዞር ማድረግ ነው፡፡,ሀ. እውነት,ለ. ሀሰት,,,,ለ
127,ዲፈረንሻል የተሽከርካሪውን ፍጥነት ለመጨመርና ለመቀነስ የሚያገለግል ክፍል ነው፡፡,ሀ. እውት,ለ. ሀሰት,,,,ለ
128,ካንዴሌቲ ከካርቡሬተር ጋር በመሆን በሲሊንደር ውስጥ ያለውን የነዳጅና የአየር ድብልቅ ለማቀጣጠል ይረዳል፡፡,ሀ. እውነት,ለ. ሀሰት,,,,ለ
129,በተሸከርካሪ ላይ የተለያየ መጠን ያለው ጎማ መጠቀም ምንም ችግር አያስከትልም፡፡,ሀ. እውነት,ለ. ሀሰት,,,,ለ
130,ወደ ሲሊንደሩ ውስጥ ከሚገባው አየር ጋር ቀጥታ ግንኙነት ያለው ክፍል የቱ ነው?,ሀ.የአየር ማጣሪያ,ለ. ፖምፔታ,ሐ. ቦቢና,መ. ካንዴላ,,ሀ
131,በእመቃ ጊዜ ቫልቮች ______ ይሆናሉ፡፡,ሀ. ሁሉም ክፍት,ሐ. አንዱ ክፍት አንዱ ዝግ ነው,ለ. ሁሉም ዝግ,መ. መልሱ አልተሰጠም,,ለ
132,ተሽከርካሪው ኩርባ ሲዞር በግራና ቀኝ ያሉ ጎማዎች እኩል ዙር አይኖቸውም፡፡,ሀ. እውነት,ለ. ሀሰት,,,,ሀ
133,ከኋለኛው ይልቅ ከፊት እግር ላይ የሚገጠሙ የተሽከርካሪ ጎማዎች ደህ ና ጥርስ ሊኖራቸው ይገባል፡፡,ሀ. እውነት,ለ. ሀሰት,,,,ሀ
134,ከሚከተሉት አንዱ የባትሪ መሙያ ክፍል አይደለም፡፡,ሀ. ቦቢና,,ሐ. ዲናሞ,,,ሀ
135,የተሽከርካሪ ሞተር ከተነሳ በኃላ በሞተሪኖ አማካኝᐃት ባትሪው እንደገና ይሞላል፡፡,ሀ. እውነት,ለ. ሀሰት,,,,ለ
136,ተሽከርካሪው በቀጥታ መንገድ ሲጓዝ ሁለቱም የኋላ ጎማዎች በተመሳሳይ ፍጥነት ይሽከረከራሉ፡፡,ሀ. እውት,ለ. ሀሰት,,,,ሀ
137,ሞተር ከመነሳቱ በፊት የተሽከርካሪው አጠቃላይ የኤሌክትሪክ ክፍሎች ኤሌክትሪክ የሚያገኙት ከ________ ነው፡፡,ሀ. ካንዴላ,ለ. ፊውዝ,ሐ. ፒስተን,መ. መልሱ የለም,,መ
138,ከሚከተሉት ውስጥ የሞተር ማስነሻ ክፍል የሆነው የቱ ነው?,ሀ. የዳሽ ቦርድ መብራት,ለ. የፍሪሲዮን ፔዳል,ሐ. ሞተሪኖ,መ. መልሱ አልተሰጠም,,ሐ
139,ከሚከተሉት ውስጥ በሚሰጠው አገልግሎት ልዩ የሆነውን አውጣ,ሀ. ዲፈረንሻል,ለ. ካንዴሊቲ,ሐ. ፕሮፔለር ሻፍት,መ. ሺሚያስ,,ለ
140,ከቦቢና የመጣውን የኤሌክትሪክ ጉልበት ወደ እያንዳንዱ ሲሊንደር የማከፋፈለን ተግባር የሚያከናውነው _______ ነው፡፡,ሀ. ፑንቲና,ለ. ቦቢና,ሐ. ሮተር,መ. ሾክ አብዞርቨር,,ሐ
141,ኮንዴንሰር በፍላይዊልና በሞተሪኖ ጥርስ መካከል ሰበቃ እንዳይፈጠር መከላለከል ነው፡፡,ሀ. እውነት,ለ. ሀሰት,,,,ለ
142,የፀሐይ ጨረር መከላከያ በፊት መስታወት ላይ የሚያርፍን አቧራና ቆሻሻ ይከላከላል፡፡,ሀ. እውነት,ለ. ሀሰት,,,,
143,በማንኛውም ጊዜ ወደ መሪው በጣም ተጠግቶ ማሽከርከር ተሽከርካሪውን ለመቆጣጠር ስለሚያስችል ይመከራል፡፡,ሀ. እውነት,ለ. ሀሰት,,,,ለ
144,ከዝናብ፣ ከፀሐይና ከከፍተኛ ብርድ የሚከላከል የተሸከርካሪ ክፍል ______ ይባላል፡፡,ሀ. ቦዲ,ለ. ሻንሲ,ሐ. ሞተር,መ. ሪዶታ,,ለ
145,በምሽት ጊዜ በርቀት በሌሎች አሽከርካሪዎች በቀላሉ ለመለየት ጠቃሚ የሆነ መሳሪያ የሰሌዳ መብራት ይባላል፡፡,ሀ. እውነት,ለ. ሀሰት,,,,ሀ
146,የነዳጅ ማጣሪያ አገልግሎት በነዳጁ ውስጥ ተደባልቆ የሚገባን አየር ማጣራት ነው፡፡,ሀ. እውነት,ለ. ሀሰት,,,,ለ
147,ቾክ ቫልቭ ስንስብ ኮፈኑን ከፍተን መሆን አለበት፡፡,ሀ. እውነት,ለ. ሀሰት,,,,ለ
148,በቬንትሌተር የሚቀዘፈው አየር በጋቢና ውስጥ ያለውን ሞቃታማ አየር ለማቀዝቀዝ ያገለግላል፡፡,ሀ. እውነት,ለ. ሀሰት,,,,ለ
149,በራዲያተር ክዳን ላይ የሚገኝ ቫልቭ የአየር ፊንሰ በመባል ይጠራል,ሀ. እውነት,ለ. ሀሰት,,,,ለ
150,ሞተር በማቀዝቀዣ ዘዴው በሜካኒካልና ኤሌክትሪኒክስ ተብሎ በሁለት ይከፈላል፡፡,ሀ. እውነት,ለ. ሀሰት,,,,ለ
151,ከፍላይዊል ጋር በመቀናጀት ለኃይል አስተላላፊነት የሚያገለግል ክፍል _____ ይባላል፡፡,ሀ. ፍሪሲዮን,ለ. ሞተሪኖ,ሐ. ፓምፔታ,መ. ራዲያተር,,ሀ
152,ፊውዝ ወደ ኤሌክትሪክ እቃዎች የሚሄደውን የኤሌክትሪክ ኃይል መብዛትና ማነስ ይቆጣጠራል፡፡,ሀ. እውነት,ለ. ሀሰት,,,,ለ
153,ሬጉሌተር እንደመብራት ማጥፊያ የኤሌክትሪክ ፍሰትን በማገናኘትና በማቋረጥ ተግባሩን ያከናውናል፡፡,ሀ. እውነት,ለ. ሀሰት,,,,ሀ
154,ሞተር በተረጋጋ ሁኔታ ተግባሩን እንዳያከናውን ከሚያደርጉት ተግባሮች ውስጥ የሚካተተው የቱ ነው?,ሀ. ባለቀ ጎማ መጠቀም,ለ. በከባድ ማርሽ ለአጭር እርቀት መጓዝ,ሐ. ከመጠን በላይ ክብደት አለመጫን,መ. ሁሉም መልስ ናቸው,,ሀ
155,ኃይልን ከሞተር ወደ ካምቢዮ እንዲተላለፍና እንዲቋረጥ የሚያደርግ የተሸከርካሪ ክፍል _____ ይባላል፡፡,ሀ. ሪዶታ,ለ. ፍላይዊል,ሐ. ብላንቸሪ,መ. መልሱ አልተሰጠም,,መ
156,የባትሪ ተግባር ወደ ቦቢና የሚያልፈውን ኤሌክትሪክ ኃይል መቆጣጠር ነው፡፡,ሀ. እውነት,ለ. ሀሰት,,,,ለ
157,ባለ አራት ማርሽ ላይ ካምቢዮ በቀጥታ ከሞተር በተላለፈለት ኃይል እንዳለ ፍጥነቱ ሳይቀንስ የሚጓዘው በየትኛው ማረሽ ጊዜ ነው,ሀ. 1ኛ,ለ. 2ኛ,ሐ. 3ኛ,መ. 4ኛ,,መ
158,ከትራስሚሲዮን የመጣለትን ዙር በ90 ዲግሪ ቀይሮ ለጎማው የሚያስተላልፍ ክፍል _______ ይባላል፡፡,ሀ. ሞተር,ለ. ካምቢዮ,ሐ. ዲፈረንሻል,መ. አክስል,,ሐ
159,ተሽከርካሪ በኩርባ ቦታ ላይ ጎማዎች በተለያየ ዙር እንዲዞሩ የሚያደርግ የተሽከርካሪ ክፍል ______ ይባላል፡፡,ሀ. ሞተር,ለ. ካምቢዮ,ሐ. ዲፈረንሻል,መ. አክስል,,ሐ
160,የተሽከርካሪን ፍጥነት ለመቆጣጠር የሚያገለግል መሳሪያ የትእይንት መቆጣጠሪያ ተብሎ ይጠራል፡፡,ሀ. እውነት,ለ. ሀሰት,,,,ለ
161,ከሚከተሉት አንዱ በዳሽ ቦርድ ላይ አይገኝም፡፡,ሀ. የነዳጅ መጠን መጠቆሚያ,ለ. የሞተር ሙቀት መጠቆሚያ,ሐ. የሞተር ዘይት ግፊት መቆጣጠሪያ,መ. መልሱ አልተሰጠም,,መ
162,ፑንቲና እንዲከፈትና እንዲዘጋ የሚያደርግ ክፍል ኮንዴነሰር ይባላል፡፡,ሀ. እውነት,ለ. ሀሰት,,,,ለ
163,የፍሬን መብራት እንደ ፓርኪንግ መብራት ያገለግላል፡፡,ሀ. እውነት,ለ. ሀሰት,,,,ለ
164,የታሸገ ባትሪን የቻርጅ መጠኑን ክዳኑን በመክፈት ማረጋገጥ ይቻላል፡፡,ሀ. እውነት,ለ. ሀሰት,,,,ለ
165,ሞተር ተግባሩን በአግባቡ ለማከናወን የተወሰነ የሙቀት መጠን ሊኖረው ይገባል፡፡,ሀ. እውነት,ለ. ሀሰት,,,,ሀ
166,ራዲያተር ላይ ያለው ክዳን ውሃው ወደ ውጭ እንዲፈስ ከመከላከል ውጪ ሌላ ሥራ የለውም፡፡,ሀ. እውነት,ለ. ሀሰት,,,,ለ
167,ከሞተሩ ውስጥ ቴርምስታትን ማዉጣት ተገቢ አይደለም፡፡,ሀ. እውነት,ለ. ሀሰት,,,,ሀ
168,በሊሾ ጎማ ለረጅም ጊዜ መጠቀም ለሞተር ሙቀት መጨመር ምክንያት ይሆናል፡፡,ሀ. እውነት,ለ. ሀሰት,,,,ሀ
169,ሞተር እንደተነሳ ቶሎ ቶሎ ነዳጅ እየሰጡ ማሞቅ በሞተሩ ላይ ምንም ችግር አያስከትልም፡፡,ሀ. እውነት,ለ. ሀሰት,,,,ለ
170,ቦቢና ብዙ ጊዜ በናፍጣ ሞተሮች ላይ ይገኛል፡፡,ሀ. እውነት,ለ. ሀሰት,,,,ለ
171,ያለ አየር ማጣሪያ ሞተሩ እንዲሠራ ማድረግ,ሀ. በሞተሩ ውስጥ ካርቦን እንዲጋገር ያደርጋል,ለ. የሞተሩ ጉልበት እንዲጨምር ያደርጋል,ሐ. ሞተሩ ውስጥ በቂ እሳት እንዲፈጠር ያደርጋል,መ. ሁሉም መልስ ነው,,ሀ
172,የተሽከርካሪን ንፅህና መጠበቅ የተሽከርካሪውን እድሜ ያራዝማል፡፡,ሀ. እውነት,ለ. ሀሰት,,,,ሀ
173,በአጠባ ወቅት በኤሌክትሪክ ክፍሎች ውስጥ ውሃ ቢገባ ፡-,ሀ. ሞተር አይነሳም,ለ. የሞተሩ ድምፅ ይቆራረጣል,ሐ. ጉልበት ይቀንሳል,መ. ሁሉም መልስ ናቸው,,መ
174,ተሽከርካሪ ሁልጊዜ ስናሳጥብ ለማጠቢያ ተብሎ በተዘጋጀ ቦታ ላይ ብቻ መከናወን አለበት፡፡,ሀ. እውነት,ለ. ሀሰት,,,,ሀ
175,ለሞተር ጉልበት መቀነስ ምክንያት ከሚሆኑት ውስጥ የሚካተተው የቱ ነው?,ሀ. የነዳጅ ማጣሪያ መቆሸሽ,ለ. የአየር ማጣሪያ መቆሸሽ,ሐ. በቂ የኤሌክትሪክ ሀይል ማነስ,መ. ሁሉም መልስ ናቸው,,መ
176,አጠባ በሚከናወንበት ወቅት የሞተር ዘይት ፣ ጊርቦክስና ዲፈረንሻል ዘይት ስንቀይር በእቃ ተቀብለን ማስወገድ ይኖርብናል፡፡,ሀ. እውነት,ለ. ሀሰት,,,,ሀ
177,የተሽከርካሪ የኤሌክትሪክ ክፍል የሆነው የቱ ነው?,ሀ. የመብራት ክፍል,ለ. የባትሪ መሙያ ክፍል,ሐ. የሞተር ማስነሻ ክፍል,መ. ሁሉም መልስ ናቸው,,መ
178,በሲሊንደሩ ውስጥ የገባውን የአየርና የነዳጅ ድብልቅ የሚያቀጣጥል . ይባላል፡፡,ሀ. ካንዴላ,ለ. ጀነሬተር,ሐ. ሞተሪኖ,መ. ፑንቲና,,ሀ
179,በነዳጅ ማጠራቀሚያ ጋን ውስጥ ያለውን የነዳጅ መጠን ለማወቅ የሚረዳ መሣሪያ ይባላል፡፡,ሀ. የሞተር ሙቀት መለኪያ,ለ. የዘይት ግፊት መለኪያ,ሐ. የነዳጅ ጌጅ,መ. የእሳት አቀጣጣይ ክፍል,,ሐ
180,ጀነሬተር ሞተር ከተነሳ በኃላ በመጀመሪያ ባትሪውን ይሞላና በመቀጠል ሞተር እስኪጠፋ ድረስ ተሽከርካሪው ላይ ላሉ ክፍሎች ኤሌክትሪክ ይመግባል፡፡,ሀ. እውነት,ለ. ሀሰት,,,,ሀ
181,ሞተር ከመነሳቱ በፊት አንድ አሽከርካሪ ባትሪን ሲፈትሽ ማከናወን ካለበት ተግባር ውስጥ የማይካተተው የቱ ነው?,ሀ. በባትሪ ውስጥ በቂ የኤሌክትሪክ ኃይል መኖሩን ማረጋገጥ,ለ. በበቂ መጠን ፈሳሽ በባትሪው ውስጥ መኖሩን ማረጋገጥ,ሐ. ባትሪው ጠብቆ የታሰረ መሆኑን ማረጋገጥ,መ. ተርሚናሎች ላይ ሻጋታ መኖሩን ማረጋገጥ,,ሀ
182,ባትሪ ሲታሰር መጀመሪያ ቀጥሎ ደግሞ መሆን አለበት፡፡,ሀ. ኔጋቲቨ፤ፓዘቲቨ,ለ. ፖዘቲቨ፤ኔታቲቨ,ሐ. ፓዘቲቨ፤ፓዘቲቨ,መ. ኔጋቲቨ፤ኔጋቲቨ,,ለ
183,የባትሪ ውሃ ሲጐድል ማንኛውንም ንፁህ ውሃ በመጠኑ መሙላት ይገባል፡፡,ሀ. እውነት,ለ. ሀሰት,,,,ለ
184,የባትሪ ተርሚናሎች ሲቆሽሹ በውሃ ማጽዳትና በአግባቡ መልሶ ማሰር ተገቢ ነው፡፡,ሀ. እውነት,ለ. ሀሰት,,,,ሀ
185,የተሽከርካሪውን ሞተር ለማስነሳት የሚያገለግል መሳሪያ ይባላል፡፡,ሀ. ጀነሬተር,ለ. ቦቢና,ሐ. ሞተሪኖ,መ. ፑንቲና,,ሐ
186,ባትሪን በሌላ ባእድ ነገር መሸፈን ምን ያስከትላል ?,ሀ. የኤሌክትሪክ ሀይል ይቀንሳል,ለ. ባትሪው ከመጠን በላይ ይሞቃል,ሐ. ተርሚናሎች እንዲሻግቱ ያደርጋል,መ. መልሱ አልተሰጠም,,ለ
187,ለሞተር በአግባቡ መስራት ጠቃሚ ከሆኑት ውስጥ የሚካተተው የቱ ነው?,ሀ. አየር,ለ. ነዳጅ,ሐ. የኤሌክትሪክ ኃይል,መ. ሁሉም,,መ
188,ለባትሪ መሙያ ክፍሎች መደረግ ካለበት ጥንቃቄ ውስጥ የሚካተተው የቱ ነው?,ሀ. ቺንጋ አለመላላቱንና አለመጥበቁን ማረጋገጥ,ለ. ባትሪው ጠብቆ የታሰረ መሆኑን ማረጋገጥ,ሐ. የባትሪ ክዳን ላይ ያሉ ቀዳዶች አለመደፈናቸውን ማረጋገጥ,መ. ሁሉም መልስ ናቸው,,መ
189,የፊውዝ መቃጠል ለሞተር አለመነሳት ምክንያት ሊሆን ይችላል፡፡,ሀ. እውነት,ለ. ሀሰት,,,,ሀ
190,ሞተር እስኪነሳ ድረስ የሞተር ቁልፍን እስታርት ላይ አድርገን መያዝ ያለብን ቢበዛ ስንት ሰከንድ ነው ?,ሀ. 10,ለ. 20,ሐ. 30,መ. 40,,ሐ
191,ፊውዝ በሚቃጠልበት ጊዜ በምትኩ በተመሳሳይ መጠን መቀየር ተገቢ ነው፡፡,ሀ. እውነት,ለ. ሀሰት,,,,ሀ
192,በተሽከርካሪ ነዳጅ መስመር ውስጥ ውሃ/አየር ቢገባ የሞተር ድምፅ ይንተፋተፋል፡፡,ሀ. እውነት,ለ. ሀሰት,,,,ሀ
193,የተሽከርካሪ ሞተር ድምፅ ቢቆራረጥ አንድ አሽከርካሪ ማድረግ ያለበት ተግባር የሆነው የቱ ነው ?,ሀ. የአየር ማጣሪያውን አፅድቶ መግጠም,ለ. የነዳጅ ማጣሪያውን አፅድቶ መግጠም,ሐ. ሀ እና ለ መልስ ናቸው,መ. መልሱ አልተሰጠም,,ሐ
194,አሽከርካሪዎች ዘወትር ሞተር ከማስነሳታቸው በፊት ፍተሻ ማካሄድ ያለባቸው ተግባር ነው፡፡,ሀ. የኤሌክትሪክ መስመሮችን መፈተሽ,ለ. የነዳጅ መስመሮችን መፈተሽ,ሐ. የሞተር ዘይት በበቂ መጠን መኖሩን መፈተሽ,መ. ሁሉም መልስ ይሆናሉ,,መ
195, አንድ አሽከርካሪ የተሽከርካሪው ፍሬን ሸራ ሲበላ ማስቀየር አለበት፡፡,ሀ. እውነት,ለ. ሀሰት,,,,ሀ
196,በተሽከርካሪው ውስጥ ያለውን የሞተር ዘይት መጠን ለመመልከት የሚያገለግል መሳሪያ ይባላል፡፡,ሀ. ዲኘስቲክ,ለ. የአየር ማጣሪያ,ሐ. ካርቡሬተር,መ. ክ ቫልቨ,,ሀ
197,በተሽከርካሪ ላይ የሚገኝን ባትሪ ሙሉ ለሙሉ መሸፈን ተገቢ አይደለም፡፡,ሀ. እውነት,ለ. ሀሰት,,,,ሀ
198,ንፋስ በጐደለው ጐማ ማሽከርከር ለተሽከርካሪው ፍጥነት መቀነስ ምክንያት ይሆናል፡፡,ሀ. እውነት,ለ. ሀሰት,,,,ሀ
199,የተሽከርካሪ ጐማ ንፋስ ከመጠን በላይ ከሞላ እየነጠረ ለጉዞ አስቸጋሪ ይሆናል፡፡,ሀ. እውነት,ለ. ሀሰት,,,,ሀ
200,የዲፈረንሻል ዘይትና የካምቢዮ ዘይት መጉደሉን በየወቅቱ ማየት ተገቢ ነው፡፡,ሀ. እውነት,ለ. ሀሰት,,,,ሀ
201,ከሚከተሉት አንዱ በዳሽ ቦርድ ላይ የሚገኝ ጠቋሚ መሣሪያ ነው፡፡,ሀ. ዲኘስቲክ,ለ. የዘይት ግፊት ማሳያ,ሐ. የነዳጅ ማጣሪያ,መ. ካንዴላ,,ለ
202,የኋላ ማርሽ መብራት አገልግሎት የተሽከርካሪ ፍጥነት መቀነሱን ለኋለኛው ተሽከርካሪ ለመንገር ነው፡፡,ሀ. እውነት,ለ. ሀሰት,,,,ለ
203,የባትሪ ተርሚናሎችን አቀያይሮ መግጠም በተሽከርካሪው ላይ ምንም ችግር አያስከትልም፡፡,ሀ. እውነት,ለ. ሀሰት,,,,ለ
204,የጀነሬተር ዋነኛ አገልግሎት ከባትሪ የተቀበለውን አነስተኛ የኤሌክትሪክ ሀይል ወደ ከፍተኛ የኤሌክትሪክ ኃይል መቀየር ነው፡፡,ሀ. እውነት,ለ. ሀሰት,,,,ለ
205,በተሽከርካሪ ላይ የሚገኝ ቺንጋ መላላት ለማቀዝቀዥ ክፍልና ለባትሪ መሙያ ክፍል አለመሥራት ምክንያት ሊሆን ይችላል፡፡,ሀ. እውነት,ለ. ሀሰት,,,,ሀ
206,ባትሪው በትክክል እየተሞላ መሆኑን ለማረጋገጥ የሚቻለው ነው፡፡,ሀ. ቺንጋውን በማየት,ለ. የባትሪውን ክዳን ከፍቶ በማየት,ሐ. በዳሽ ቦርድ ላይ ያለውን የቻርጅ ምልክት በማየት,መ. ሁሉም መልስ ይሆናሉ,,ሐ
207,የሞተር ዘይት ስንቀይር አብረን የዘይት ማጣሪያውንም መቀየር ወይም አጽድቶ መግጠም ይገባል፡፡,ሀ. እውነት,ለ. ሀሰት,,,,ለ
208,የሞተር ዘይት በሞተሩ ውስጥ ለምን ለምን አገልግሎት ይውላል ?,ሀ. ጥሩ እመቃ እንዲኖር በማድረገ,ለ. ሰበቃን ይቀንሳል,ሐ. ድምፅ ይቀንሳል,መ.ሁሉም መልስ ናቸው,,መ
209,የሞተር ዘይት ስንፈትሽ የዘይቱን መጠንና መቆሸሽ አለመቆሸሹን ማረጋገጥ ይቻላል፡፡,ሀ. እውነት,ለ. ሀሰት,,,,ሀ
210,በዳሽ ቦርድ ላይ ያለው የዘይት ግፊት አመልካች ጌጅ የዘይቱን መጠን ለመለካት ያገለግላል፡፡,ሀ. እውነት,ለ. ሀሰት,,,,ለ
211,በአየር የሚቀዘቅዙ የሞተር አይነቶች ራዲያተር ይጠቀማሉ ፡፡,ሀ. እውነት,ለ. ሀሰት,,,,ለ
212,በተሽከርካሪ ላይ የሚገኘው የውሃ ፓምኘ የሞቀውን ውሃ ከሞተር ውደ ራዲያተር ለመሳብ ያገለግላል፡፡,ሀ. እውነት,ለ. ሀሰት,,,,ለ
213,አሽከርካሪዎች ሁልጊዜ በጉዞ ላይ እያሉ በመካከል በዳሽቦርድ ላይ የሚገኙ ጠቋሚ መሣሪያዎችን መከታተል ይኖርባቸዋል፡፡,ሀ. እውነት,ለ. ሀሰት,,,,ሀ
214,ቬንትሌተር አየር ለማጣራትና የሞተሩን ድምፅ ለመቀነስ ያገለግላል፡፡,ሀ. እውነት,ለ. ሀሰት,,,,ለ
215,አሽከርካሪዎች የተሽከርካሪውን ማንዋል ማንበብና በማንዋሉ መሠረት ለተሽከርካሪው ተገቢውን እንክብካቤ ማድረግ አለባቸው፡፡,ሀ. እውነት,ለ. ሀሰት,,,,ሀ
216,በተሽከርካሪ ላይ የሚገኙ ክፍሎችን እንዴት መጠቀም እንዳለብን የሚጠቁም ማንዋል ይባላል፡፡,ሀ. የመለዋወጫ እቃ ማንዋል,ለ. የአጠቃቀም ማንዋል,ሐ. የአምራች ድርጅት ልኬት ማንዋል,መ. መልሱ አልተሰጠም,,ለ
217,ጥምዝ ሞላ ከተሽከርካሪ የትኛው ክፍል ጋር ይመደባል ?,ሀ. ኃይል አስተላላፊ ክፍል,ለ. ማለስለሻ ክፍል,ሐ. አረግራጊና ተሸካሚ ክፍል,መ. የኤሌክትሪክ ክፍል,,ሐ
218,ፕሮፔለር ሻፍት የተሽከርካሪ ኃይል አስተላላፊ አንዱ ክፍል ነው፡፡,ሀ. እውነት,ለ. ሀሰት,,,,ሀ
219,ካምቢዮ ለተሽከርካሪው ጉልበትና ፍጥነት ለመጨመር አያገለግልም፡፡,ሀ. እውነት,ለ. ሀሰት,,,,ለ
220,ጀነሬተር የሚያመነጨውን ኤሌክትሪክ የሚቆጣጠርና የሚመጥን ክፍል ይባላል፡፡,ሀ. ሞተሪኖ,ለ. ሬጉሌተር,ሐ. ዲስትሪቢወተር,መ. ቦቢና,,ለ
221,ፍሪሲዮን የሞተሩን ኃይል ወደ ካምቢዮ እንዲተላለፍና እንዲቋረጥ ለማድረግ ያገለግላል ፡፡,ሀ. እውነት,ለ. ሀሰት,,,,ሀ
222,የሞተር ዘይት በተወሰነ ደረጃ ሞተሩን ለማቀዝቀዝ ያገለግላል፡፡,ሀ. እውነት,ለ. ሀሰት,,,,ሀ
223,ከካምቢዮ ኃይልን ተቀብሎ ለዲፈረንሻል የሚያቀብል የተሽከርካሪ ክፍል ይባላል፡፡,ሀ. ዲፈረንሻል,ለ. ፍሪሲዮን,ሐ. ሺሚያስ,መ. ኘሮፔለር ሻፍት,,መ
224,ግሎው ኘላግ የቤንዚን ሞተር ክፍል ነው፡፡,ሀ. እውነት,ለ. ሀሰት,,,,ለ
225,ከሚከተሉት በአንዱ እጅ ፍሬን አይሠራም,ሀ. ዘይት,ለ. ሜካኒካል,ሐ. ንፋስ,መ. መልሱ አልተሰጠም,,ሀ
226,አብዛኛው የተሽከርካሪ ክፍሎች የሚታሰሩበት ክፍል   ይባላል፡፡,ሀ. ቦዲ,ለ. ሞተር,ሐ. ሻንሲ,መ. ሁሉም መልስ ነው,,ሐ
227,የባትሪ ውሃ ቶሎ ቶሉ ማለቅ የምን ምልክት ነው?,ሀ. የባትሪ ከሚፈለገው በታች መሞላት,ለ. የባትሪ ከሚፈለገው በላይ መሞላት,ሐ. የባትሪ ማርጀት,መ. ሁሉም መልስ ናቸው,,ለ
228,ነዳጅ በሲሊንደር በኩል ወደ ሶቶኮፖ ከገባ የምን ችግር ነው?,ሀ. የሲሊንደር መበላት,ለ. የፋሻ መበላት,ሐ. የፒስተን መበላት,መ. “ ሀ “ እና “ለ “ መልስ ናቸው,,መ
229,የተሽከርካሪ ፊውዝ ቢቃጠ,ሀ. እውነት,ለ. ሀሰት,,,,
230,የማቀዝቀዣ ክፍሎችን ስንፈትሽ ማረጋገጥ ከሚገባን ውስጥ የማይካተተው የቱ ነው?,ሀ/ ቺንጋው አለመላላቱን ወይም አለመጥበቁን ማረጋገጥ,ለ/ ቬንትሌተሩ አለመሰንጠቁንና አለመገልበጡን ማረጋገጥ,ሐ/ በራዲያተሩ ውስጥ ንፁህ ውሃ በመጠኑ መኖሩን ማረጋገጥ,መ/ መልሱ አልተሰጠም,,ሀ
231,ተሽከርካሪ ላይ ቬንትሌተር ተገልብጦ ቢገጠም ምንም ችግር አያስከትልም,ሀ. እውነት,ለ. ሀሰት,,,,መ
232,ቴርሞስታትን ከተሽከርካሪ ማቀዝቀዣ ክፍል ውስጥ እንዲወጣ ማድረግ ተገቢ ነው,ሀ. እውነት,ለ. ሀሰት,,,,ለ
233,ካርቱሽ ከሆነ ወረቀት የሚሰራና ብዙ ቀዳዳዎች ያሉት የአየር ማጣሪያ ይባላል,ሀ. እርጥብ ማጣሪያ,ለ. ደረቅ ማጣሪያ,ሐ. እርጥብና ደረቅ ማጣሪያ,መ. መልሱ አልተሰጠም,,ለ
234,እርጥብ የአየር ማጣሪያ ለማጣሪያነት የሚጠቀመው ምንድን ነው?,ሀ. ውሃ,ለ. ዘይት,ሐ/ ቅባት,መ/ ሁሉም መልሱ ይሆናሉ,,ለ
235,ሞተር በሚጠቀመው የነዳጅ አይነት በሶስት ይከፈላል,ሀ. እውነት,ለ. ሀሰት,,,,ለ
236,ሞተር በማቀዝቀዣ ዘዴው በስንት ይከፈላል?,ሀ. በ 1,ለ. በ 2,ሐ. በ 3,መ. በ 4,,ለ
237,በጭስ አማካኝነት ከሞተር የሚወገደው የሙቀት መጠን በፐርሰንት ስንት ነው?,ሀ. 10%,ለ. 5%,ሐ. 40%,መ. 35%,,ለ
238,ከሚከተሉት ውስጥ የነዳጅ አስተላላፊ ክፍል የሆነው የቱ ነው?,ሀ. ክራንክ ሻፍት,ለ. የነዳጅ ማጣሪያ,ሐ. ካርቡሬተር,መ. ለ እና ሐ መልስ ናቸው,,መ
239,ከሚከተሉት ውስጥ የእሳት አቀጣጣይ ክፍል ያልሆነው የቱ ነው?,ሀ. ካንዴላ,ለ. ቦቢና,ሐ. ካርቡሬተር,መ. ፑንቲና,,ሐ
240,ቬንትሌተር ከተሽከርካሪ ማቀዝቀዣ ክፍል አንዱ ነው,ሀ. እውነት,ለ. ሀሰት,,,,ሀ
241,ፍላይዊል ከሞተሪኖ ጋር በመቀናጀት ለሞተር ማስነሻነት ያገለግላል,ሀ. እውነት,ለ. ሀሰት,,,,ሀ
242,የቬንትሌተር አገልግሎት ቀዝቃዛ አየርን ከውስጥ ወደ ውጪ ማራገብ ነው,ሀ. እውነት,ለ. ሀሰት,,,,ለ
243,በራዲያተር ክዳን ላይ የሚገኘው ፕሬዠር ቫልቭ አገልግሎት የሆነው የቱ ነው?,ሀ. ራዲያተሩ ውስጥ ያለው ውሃ ከተገቢው በላይ ሲሞቅ የተወሰነ ውሃ ወደ ኤክስፖንሽን ታንከር መላክ ነዉ,ለ. ሞተሩ ሲቀዘቅዝ ተጨማሪ ውሃ ከኤክስፖንሽን ታንከር በመሳብ ራዲያተሩን መሙላት ነዉ,ሐ. “ሀ” እና “ለ” መልስ ይሆናሉ,መ. መልሱ አልተሰጠም,,ሐ
244,የፊውዝ አገልግሎት በኤሌክትሪክ መስመሮች መካከል በመግባት በኤሌክትሪክ ሀይል መጨመር ምክንያት እቃዎች እንዳይቃጠሉ መጠበቅ ነው,ሀ. እውነት,ለ. ሀሰት,,,,ሀ
245,ሲሊንደር ብሎክ የሚገኘው በሞተር የላይኛው ክፍል ላይ ነው,ሀ. እውነት,ለ. ሀሰት,,,,ለ
246,የሠሌዳ መብራት አንድ አሽከርካሪ ጥፋት አጥፍቶ ቢሸሽ ተከታትሎ ለማስያዝ ያገለግላል,ሀ. እውነት,ለ. ሀሰት,,,,ሀ
247,ተሽከርካሪ ላይ የሚገኝን እረጅም መብራት በከተማ ክልል መጠቀም ተገቢ ነው,ሀ. እውነት,ለ. ሀሰት,,,,ለ
248,የቀኝ ፍሬቻ አገልግሎት የሆነው የቱ ነው?,ሀ. ከግራ ወደ ቀኝ እረድፍ ለመቀየር ያገለግላል,ለ. ወደ ቀኝ ለመታጠፍ ያገለግላል,ሐ. ለመቆም ያገለግላል,መ. ሁሉም መልስ ይሆናሉ,,መ
249,የግራ ፍሬቻ አገልግሎት ከሆነው ውስጥ የማይካተተው የቱ ነው?,ሀ. ከቆመበት ለመነሳት,ሐ. ወደ ግራ ለመታጠፍ,ለ. ለመቆም,መ. ከቀኝ ወደ ግራ እረድፍ ለመቀየር,,ለ
250,የተሽከርካሪ የፊት መስታወት ላይ ጭጋግ በሚኖርበት ጊዜ AC ማሞቂያ በመክፈት ማስወገድ ይቻላል፡፡,ሀ/ እውነት,ለ/ ሀሰት,,,,ሀ
251,የበረዶ ማቅለጫ ቀጫጭን የኤሌክትሪክ መስመሮች በተሽከርካሪ የፊት መስታወት ላይ ይገኛሉ፡፡,ሀ/ እውነት,ለ/ ሀሰት,,,,ለ
252,የተበላሸ ተሽከርካሪ በመንገድ ላይ ሲቆም የሚበራ የተሽከርካሪ መብራት ይባላል,ሀ. የቀኝ ፍሬቻ,ለ. የግራ ፍሬቻ,ሐ. ሀዛርድ,መ. የኋላ መብራት,,ሐ
253,የጀነሬተር ዋነኛ አገልግሎት ከባትሪ የተቀበለውን አነስተኛ የኤሌክትሪክ ሀይል ወደ ከፍተኛ የኤሌክትሪክ ኃይል መቀየር ነው፡፡,ሀ. እውነት,ለ. ሀሰት,,,,ለ
254,ካርቡሬተር የትኛው የሞተር ክፍል ላይ ይገጠማል?,ሀ. ሲሊንደር ብሎክ,ለ. ሶቶኮፓ,ሐ. ቴስታታ,መ. ክራንክሻፍት,,ሐ
255,ተሽከርካሪ ኩርባ መንገድ ሲዞር ሁለቱ ነጂ ጐማዎች እኩል ዙር ይኖራቸዋል፡፡,ሀ. እውነት,ለ. ሀሰት,,,,ለ
256,ትራስሚሲዮን የሞተርን ዙር በ9ዐዐ ቀይሮ ለጐማ ያቀብላል፡፡,ሀ. እውነት,ለ. ሀሰት,,,,ለ
257,ኮቦቢና የሚመጣውን የኤሌክትሪክ ጉልበት እየተሽከረከረ ለየሲሊንደሩ የሚያከፋፍል የኤሌክትሪክ ክፍል የሆነው የቱ ነው?,ሀ. ዲስትሪቢውተር,ለ. ሮተር,ሐ. ፑንቲና,መ. ኮንዴንሰር,,ለ
258,ፑንቲና እንዳይቃጠል የሚጠብቅ የኤሌክትሪክ ክፍል ኮንዴንሰር ተብሎ ይጠራል፡፡,ሀ/ እውነት,ለ/ ሀሰት,,,,ሀ
259,ሞተር ከማስነሳት በፊት በባትሪው ውስጥ ያለውን የውሃ መጠን ማየት ይገባል፡፡,ሀ/ እውነት,ለ/ ሀሰት,,,,ሀ
260,የሞተር ዘይት በሞተሩ ውስጥ የሚፈጠረውን ዝገት ይከላከላል፡፡,ሀ/ እውነት,ለ/ ሀሰት,,,,ሀ
261,አልፎ አልፎ ሞተሩ እየሰራ ኮፈኑን በመክፈት ሞተሩ አካባቢ የሚሠማ አግባብ ያልሆነ ድምፅ መኖሩን ማዳመጥ ይገባል፡፡,ሀ/ እውነት,ለ/ ሐሰት,,,,ሀ
262,ከሞተር የሚገኘውን የሜካኒካል ኃይል ወደ ኤሌክትሪክ ኃይል የሚቀይር ክፍል ይባላል፡፡,ሀ. ሞተሪኖ,ለ. ጀነሬተር,ሐ. ሬጉሌተር,መ. መልሱ አልተሰጠም,,ለ
263,ከባትሪ የተቀበለውን የኤሌክትሪክ ኃይል ወደ ሜካኒካል ዙር የሚቀይር የኤሌክትሪክ ክፍል ይባላል፡፡,ሀ. ሞተሪኖ,ለ. ጀነሬተር,ሐ. ሬጉሌተር,መ. ዲናሞ,,ሀ
264,በተሽከርካሪ ላይ ስንት ዓይነት የሞተር ሻልቭ ይገኛል፡፡,ሀ. 1,ለ. 2,ሐ.3,መ. 4,,ለ
265,የቤንዚንና የአየር ድብልቅ ወደ ሲሊንደሩ በኩል ይገባል፡፡,ሀ. አስገቢ ቫልቭ,ለ. አስወጪ ቫልቭ,ሐ. ቦቢና,መ. ኮሎ,,ሀ
266,ከሲሊንደሩ ውስጥ የተቃጠለ ጭስ በኩል ይገባል፡፡,ሀ. አስገቢ ቫልቭ,ለ. አስወጪ ቫልቭ,ሐ. ቫልቭ ጋይድ,መ. ቫልቭ ሲል,,ለ
267, የከምቢዮ ዘይትን ለሞተር መጠቀም ይቻላል፡፡,ሀ. እውነት,ለ. ሀሰት,,,,ለ
268,የተሸነሸነ ፊንስ ያላቸው ሞተሮች የሚቀዘቅዙት በ       ነው፡፡,ሀ. በውሃ,ለ. በአየር,ሐ. በዘይት,መ. መልሱ አልተሰጠም,,ለ
269,የራዲያተር ክዳን ውሃው ወደ ውጪ እንዳይፈስ ከመከላከል ባሻገር ምንም ጠቀሜታ የለውም ፡፡,ሀ. እውነት,ለ. ሀሰት,,,,ለ
270,የባትሪ መሙያ ክፍሎች የሚባሉት፡-,ሀ. ጀነሬተር,ለ. ዲናሞ,ሐ. ሬጉሌተር,መ. ሁሉም መልስ ናቸው,,መ
271,በተሽከርካሪ ላይ ክዳን የሌለውና የባትሪ ውሃ የማይሞላ የባትሪ ዓይነት ይገኛል፡፡,ሀ. እውነት,ለ. ሀሰት,,,,ሀ
272,የእሳት አቀጣጣይ ክፍል ያልሆነው የቱ ነው?,ሀ. ፑንቲና,ለ. ቦቢና,ሐ. ኮንዴንሰር,መ. መልሱ አልተሰጠም,,መ
273,ፍሬና ሞተር አልፎ አልፎ የተሽከርካሪውን ሞተር ለማጥፋት ሊያገለግል ይችላል፡፡,ሀ/ እውነት ,ለ/ ሀሰት,,,,ሀ
274,በሞተር ውስጥ የሚጨመረው የሞተር ዘይት ዓይነትና መጠን እንደተሽከርካው ሞዴል የተለያየ ነው፡፡,ሀ/ እውነት ,ለ/ ሀሰት,,,,ሀ
275,ከሚከተሉት አንዱ የማቀዝቀዣ ክፍል አይደለም፡፡,ሀ. ቴርሞስታት,ለ. ራዲያተር,ሐ. የውሃ ፓምፕ,መ. መልሱ አልተሰጠም,,መ
276,ፊውዝ ሲቃጠል መፈተሽና በተመሳሳይ መጠን ፊውዝ መቀየር አለበት፡፡,ሀ/ እውነት,ለ/ ሀሰት,,,,ሀ
277,የሺሚያስ ተግባር ከፕሮፔለር ሻፍት የመጣውን ዙር በ900 ቀይሮ ለጐማው ማቀበል ነው፡፡,ሀ/ እውነት,ለ/ ሀሰት,,,,ለ
278,ሞተርን አልነሳ ቢል ወዲያው ወዲያው ለማስነሳት መሞከር ለባትሪና ለሞተሪኖ መበላሸት ምክንያት ይሆናል፡፡,ሀ/ እውነት,ለ/ ሀሰት,,,,ሀ
279,የቺንጋ መላላት ከባትሪው መሙያ ክፍሎች ጋር ምንም ግንኙነት የለውም፡፡,ሀ/ እውነት,ለ/ ሐሰት,,,,ለ
280,ሞተር እንደተነሳ የማስነሻ ቁልፉን ቶሎ መልቀቅ ተገቢ ነው፡፡,ሀ/ እውነት,ለ/ ሀሰት,,,,ሀ
281,የጀነሬተር መብራት ሞተሩ እየሠራ መብራት አለበት፡፡,ሀ/ እውነት,ለ/ ሀሰት,,,,ለ
282,ሞተርን በማንኛውም ቁልፍ ለማስነሳት መሞከር ተገቢ አይደለም፡፡,ሀ/ እውነት,ለ/ ሀሰት,,,,ሀ
283,ለቱርቦ ቻርጀር መበላሸት ምክንያት ከሚሆኑት ውስጥ በዋነኛነት ሲሰራ የቆየን ተሽከርካሪ ነዳጅ ሰጠት ሰጠት አድርጎ ቶሎ ማጥፋት ነው፡፡,ሀ/ እውነት,ለ/ ሀሰት,,,,ሀ
284,የነዳጅ መጠንን ለማወቅ በእንጨት መለካት ፍጹም አግባብነት የለውም፡፡,ሀ/ እውነት,ለ/ ሀሰት,,,,ሀ
285,የፑንቲና ተግባር ወደ ባትሪ የሚሄደውን የኤሌክትሪክ ኃይል መቆጣጠር ነው፡፡,ሀ/ እውነት,ለ/ ሀሰት,,,,ለ
286,ካንዴላ ላይ ዘይት ከታየ ችግሩ የፋሻ መበላት ሊሆን ይችላል፡፡,ሀ/ እውነት,ለ/ ሀሰት,,,,ሀ
287,ከሚከተሉት ውስጥ የሪዶታ ተግባር የሆነው የቱ ነው?,ሀ. ተጨማሪ ኃይል ወይም ጉልበት ለጐማው ያስተላልፋል,ለ. ተጨማሪ ፍጥነት ለጐማው ያስተላልፋል,ሐ. ምንም ጠቀሜታ የለውም,መ. መልሱ አልተሰጠም,,ሀ
288,ተሽከርካሪን ከቆመበት ለማስነሳትና ዳገትና ቁልቁለት ስንወርድ የምንጠቀመው ማርሽ የቱ ነው?,ሀ. 3ኛ,ለ. 2ኛ,ሐ. ከባድ ማርሽ,መ. ቀላል ማርሽ,,ሐ
289,እግርን ፍሪስዮን ፔዳል ላይ አስደግፎ ማሽከርከር አይመከርም፡፡,ሀ. እውነት,ለ. ሀሰት,,,,ሀ
290,ለተሸካሚ ክፍሎች መበላሸት ዋነኛ መንስኤ የሆነው የቱ ነው?,ሀ. በወጣ ገባ መንገድ ላይ በፍጥነት ማሽከርከር,ለ. ፍሬን በተደጋጋሚ መያዝ,ሐ. እግር ፍሬን ፔዳል ላይ አስደግፎ ማሽከርከር,መ. ሁሉም መልስ ይሆናሉ,,ሀ
291,ያለቀ ጐማ ገጥመን ስናሽከረክር ከመሬቱ ጋር የሚኖረው ሰበቃ ስለሚቀንስ የተሽከርካሪው ፍጥነት ይቀንሳል፡፡,ሀ.እውነት,ለ. ሀሰት,,,,ሀ
292,የሞተሩ ድምፅ ሲቆራረጥና የተሽከርካሪው ጉልበት ሲቀንስ መከናወን ያለበት ተግባር የቱ ነው?,ሀ. ካንዴላውን ፈትቶና አጽድቶ መግጠም,ለ. የአየር ማጣሪያውን አጽድቶ መግጠም,ሐ. የነዳጅ ፊልትሮውን አጽድቶ መግጠም,መ. ሁሉም እውነት ነው,,መ
293,ሪዶታ በትንንሽ የቤት አውቶሞቢሎች ላይ በብዛት ይገኛል፡፡,ሀ. እውነት,ለ. ሀሰት,,,,ለ
294,በመንገዱ ወጣ ገባነት የተነሳ ፕሮፔለር ሻፍት ላይ የሚፈጠርን የቁመት ማጠርና መርዘም የሚያካክስ ክፍል ይባላል፡፡,ሀ. ዩኒቨርሳል ጆይንት,ለ. ስሊፕ ጆይንት,ሐ. የጐማ ድጋፍ,መ. መልሱ የለም,,ለ
295,የአየር ከረጢት እንደ እስፕሪንግ ሆኖ በተሽከርካሪ ላይ ያገለግላል፡፡,ሀ/ እውነት,ለ/ ሀሰት,,,,ሀ
296,የሾክ አብዞርቨር /አሞርዛተር/ በትክክል አለመስራት ለእስፕሪንጐች መበላሸት ወይንም መሰበር ምክንያት ሊሆን ይችላል፡፡,ሀ/ እውነት,ለ/ ሀሰት,,,,ሀ
297,በተሽከርካሪ ላይ የሚገኝ መሪ በንፋስ አማካኝነት ሊሠራ ይችላል፡፡,ሀ/ እውነት,ለ/ ሀሰት,,,,ለ
298,ከጠፍጣፋ ብረት የተሠራ የተሽከርካሪ ተሸካሚ ክፍል________ ይባላል፡፡,ሀ. ጥምዝ ሞላ,ለ. ባሌስትራ,ሐ. የአየር ከረጢት,መ. አሞርዛተር,,ለ
299,የእስፕሪንጐችን አስፈንጥሮ የመመለስ ባህሪ አለዝቦ የተሽከርካሪውን እንቅስቃሴ የሚቆጣጠር ክፍል ______ ይባላል፡፡,ሀ. ጥምዝ ሞላ,ለ. ባሌስትራ,ሐ. የአየር ከረጢት,መ. አሞርዛተር,,መ
300,በናፍጣ ሞተር ነዳጅ መስመር ውስጥ አየር ቢገባ በቀላሉ ሞተሩ እንዲነሳ ያግዘዋል፡፡,ሀ/ እውነት,ለ/ ሀሰት,,,,ለ
301,በነዳጅ መስመር ውስጥ ለአየር መግባት ምክንያት ከሚሆኑት ውስጥ የሚመደበው የቱ ነው?,ሀ. በአነስተኛ የነዳጅ መጠን ሞተሩን ማሠራት,ለ. ያለ አየር ማጣሪያ ሞተሩ እንዲነሳ ማድረግ,ሐ. ከመጠን በላይ ነዳጅ መስጠት,መ. ሁሉም መልስ ይሆናሉ,,ሀ
302,በአየር ማጣሪያ ውስጥ ዘይት የሚጠቀም ማጣሪያ ይባላል፡፡,ሀ. ደረቅ,ለ. እርጥብ,ሐ. ባለወንፊት,መ. መልሱ አልተሰጠም,,ለ
303,ዲፈረንሻል ጐማንና ሞተርን ቀጥታ ያገናኛል፡፡,ሀ/ እውነት,ለ/ ሀሰት,,,,ለ
304,ፍላይዊል የማቀዝቀዣ ዋና ክፍል ነው፡፡,ሀ/ እውነት,ለ/ ሀሰት,,,,ለ
305,ሞተር በአንዳንድ ተሽከርካሪዎች ላይ ከኃላ ይገኛል፡፡,ሀ/ እውነት,ለ/ ሀሰት,,,,ሀ
306,ሞተር በተሽከርካሪ ላይ ከፊት መገኘቱ አንዳንድ ጊዜ ለግጭት መከላከያነት ያገለግላል፡፡,ሀ/ እውነት,ለ/ ሀሰት,,,,ለ
307,በኤሌክትሪክ ኃይል የሚሠራ ቬንትሌተር እንደ ሞተሩ ሙቀት እየቆመ አስፈላጊ ሲሆን እየተሽከረከረ ይሰራል፡፡,ሀ/ እውነት,ለ/ ሀሰት,,,,ሀ
308,ቦቢና የሚያመነጨው የኤሌክትሪክ ሀይል መጠን ከቀነሰ የሞተሩም ጉልበት ይቀንሳል፡፡,ሀ/ እውነት,ለ/ ሀሰት,,,,ሀ
309,ከሞተሩ የሚወጣው ጭስ ነጭ መሆን በሲሊንደሩ ውስጥ የነዳጁ መጠን መብዛቱን ያመለክታል ፡፡,ሀ/ እውነት,ለ/ ሀሰት,,,,ለ
310,ሞተር በሚጠቀመው የነዳጅ ዓይነት የአየርና የውሃ ተብሎ ለሁለት ይከፈላል፡፡,ሀ/ እውነት,ለ/ ሀሰት,,,,ለ
311,ሞተር በማቀዝቀዣ ዘዴው________ ተብሎ ይከፈላል፡፡,ሀ. የቤንዚንና በውሃ,ለ. የአየርና በናፍጣ,ሐ. የኬሮሲንና በውሃ,መ. መልሱ አልተሰጠም,,መ
312,የሞተር ዘይት በማቀጣጠያ ክፍል ውስጥ ከገባ በጭስ ማውጫው ምን ዓይነት ጭስ ይወጣል?,ሀ.ነጭ,ለ. ጥቁር,ሐ. ሰማያዊ,መ. አረንጓዴ,,ለ
313,ካርቡሬተር የኃይል አስተላላፊ ክፍል ነው,ሀ/ እውነት,ለ/ ሀሰት,,,,ለ
314,የነዳጅ ፖምፕ ወደ ሲሊንደር የሚገባውን የቤንዚንና የአየር ድብልቅ እየመጠነ ያስገባል፡፡,ሀ/ እውነት,ለ/ ሀሰት,,,,ለ
315,የራዲያተር ክዳን በየትኛው ክፍል ውስጥ ይካተታል ?,ሀ. በማቀዝቀዣ ክፍል,ለ. በማለስለሻ ክፍል,ሐ. በአቀጣጣይ ክፍል,መ. በሀይል አስተላላፊ ክፍል,,ሀ
316,ቬንትሌተር ለማቀጣጠያ የሚያገለግል የኤሌክትሪክ ኃይል ለካንዴላ የሚያቀብል ክፍል ነው፡፡,ሀ/ እውነት,ለ/ ሀሰት,,,,ለ
317,የቬንትሌተር አገልግሎት የሆነው የቱ ነው ?,ሀ. አየርና ነዳጅ መጥኖወደ ሲሊንደር መላክ,ለ. የማለስለሻ ዘይት ወደ ሲሊንደር መላክ,ሐ. የማለስለሻ ዘይት ወደ ሞተሩ ክፍሎች ማድረስ,መ. መልሱ አልተሰጠም,,መ
318,ካንዴላ ያላቸው ሞተሮች ምን ዓይነት ሞተሮች ናቸው?,ሀ. የቤንዚን,ለ. የናፍጣ,ሐ. የቤንዚንና የናፍጣ,መ. ሁሉም,,ሀ
319,በከባድ ተሸከርካሪ ላይ ሞተር ካልተነሳ ወይንም በቂ አየር በሲስተም ውስጥ ከሌለው የፍሬሲዮን ፔዳል ይጠነክራል፡፡,ሀ/ እውነት,ለ/ ሀሰት,,,,ሀ
320,ሬጉሌተር የዳሽ ቦርድ ክፍል ነው,ሀ/ እውነት,ለ/ ሀሰት,,,,ለ
321,ካንዴላ የማለስለሻ ክፍል ነው፡፡,ሀ/ እውነት,ለ/ ሀሰት,,,,ለ
322,ቤንዚኑን ከታንከር ወደ ካርቡሬተር በግፊት የሚያስተላልፍ ክፍል የነደጅ ፖምፕ ይባላል፡፡,ሀ/ እውነት,ለ/ ሀሰት,,,,ሀ
323,ኢንጄክሽን ፓምፕ አየርና ነዳጅን አመጣጥኖ ወደ ሞተር ክፍል ያስተላልፋል ፡፡,ሀ/ እውነት,ለ/ ሀሰት,,,,ለ
324,ቾክ ቫልቭ ጥቅሙ ጠዋት ሞተር ቶሎ እንዲነሣ የአየር መጠንን የሚቀንስ እና እርጥበት ያለው አየር ወደ ሲሊንደር እንዳይገባ የሚከላከል ክፍል ነው ፡፡,ሀ/ እውነት,ለ/ ሀሰት,,,,ሀ
325,ከተሸካሚ ክፍሎች አንዱ የሆነው የትኛው ነው?,ሀ. ሽሚያስ,ለ. ጥምዝ ሞላ,ሐ. ፕሮፔለር ሻፍት,መ. ካንዴላ,,ለ
326,የእሳት አቀጣጣይ ዘዴ የሚባሉት ከ_______እስከ _______ያሉት ክፍሎች ናቸው ፡፡,ሀ. ባትሪ ፣ሞተሪኖ,ለ. ባትሪ፣ ዲናሞ,ሐ. ባትሪ፣ ካንዴላ,መ. ባትሪ፣ቦቢና,,ሐ
327,በናፍጣ ሞተር ውስጥ ቃጠሎው በካንዴላ አማካኝነት ይፈጠራል ፡፡,ሀ/ እውነት,ለ/ ሀሰት,,,,ለ
328,ድንገተኛ ፍሬን መጠቀም ለጎማ ማለቅና ለኃይል አስተላላፊ ክፍሎች መበላሸት ምክንያት ይሆናል፡፡,ሀ/ እውነት,ለ/ ሀሰት,,,,ሀ
329,ፍሬና ሞተር የተሽከርካሪውን ፍጥነት ለመቆጣጠር ያገለግላል፡፡,ሀ/ እውነት,ለ/ ሀሰት,,,,ሀ
330,የመሪ ዘይት ለመሙላት የግድ የተሸከርካሪው ሞተር እየሰራ መሆን አለበት፡፡,ሀ/ እውነት,ለ/ ሀሰት,,,,ለ
331,"የመሪ ዘይት መጉደሉን ለማረጋጥ ክዳኑ ላይ ያለውን ዘንግ በማየትና ""ከ"" min"" በታች ከሆነ መሙላት ያስፈልጋል፡፡",ሀ/ እውነት,ለ/ ሀሰት,,,,ሀ
332,በተደጋጋሚ ፍሬና ሞተር ስንጠቀም የፍሬን ሸራው ቶሎ ቶሎ እንዲበላ ያደርጋል፡፡,ሀ/ እውነት,ለ/ ሀሰት,,,,ሀ
333,የራዲያተር ውሃ ከተሞላ በኋላ ሙሉ መሆኑን ለማረጋገጥ መኪናውን እያነቃነቁ መፈተሸ ይገባል ፡፡,ሀ/ እውነት,ለ/ ሀሰት,,,,ለ
334,የቤንዚንን ሞተር ስናስነሳ ቾክ ቫልቩን ስበን ቁልፉን ስንመታ ይነሳል፡፡,ሀ/ እውነት,ለ/ ሀሰት,,,,ሀ
335,የአንድ ተሸከርካሪን የሞተር ዘይት መጠኑን ለማወቅ ተሸከርካሪው መቆም ያለበት የት ቦታ ላይ ነው ?,ሀ. ቁልቁለታማ,ለ. ሜዳማ,ሐ. ዳገት,መ. ጉድጓድ,,ለ
336,የሞተር ዘይት ለመለካት የምንጠቀምበት መሣሪያ ይባላል፡፡,ሀ. ዲፕስቲክ,ለ. ሀይድሮሜትር,ሐ. ሀይድሮሜትር,መ. ቴስተር,,ሀ
337,በራዲያተርና በኤክስፖንሽን ታንክ ውስጥ የምንጨምረው ኬሚካል ይባላል,ሀ. አንቲረስት,ለ. የራዲያተር ዘይት,ሐ. የራዲያተር አሲድ,መ. የራዲያተር ውሃ,,ሀ
338,መሰረታዊ የተሸከርካሪ ክፍሎች ከሚባሉት አንዱ የተሸከርካሪ አካል ወይም ቦዲ ነው፡፡,ሀ/ እውነት,ለ/ ሀሰት,,,,ሀ
339,ለረጅም ጊዜ ሲሰራ የዋለን ሞተር ከማጥፋት በፊት ከ10 እስከ 20 ደቂቃ ድረስ በአይድል ማሰራት ያስፈልጋል፡፡,ሀ/ እውነት,ለ/ ሀሰት,,,,ሀ
340,ከነዳጅ ማጠራቀሚያ ጋን እስከ ካርቡሬተር ድረስ ያሉ ቤንዜን ሞተር የነዳጅ አስተላላፊ ክፍሎች ናቸው፡፡,ሀ/ እውነት,ለ/ ሀሰት,,,,ሀ
341,ሞተር ለመቀጣጠል ተግባር የሚያስፈልገውን አየር ለመያዣነት የሚያገለግል ክፍል ሰልባትዮ ይባላል፡፡,ሀ/ እውነት,ለ/ ሀሰት,,,,ለ
342,በሞተር አካባቢ እሳት ቢነሳ ከድራይፓውደር ከመጠቀም በተጨማሪ አሽከርካሪዎች ማድረግ ያለባቸው ተግባር የቱ ነው?,ሀ. በአፈርና ብርድ ልብስ እሳቱን ማጥፋት,ለ. በታንከሩ ውስጥ ያለውን ነዳጅ ማፍሰስ,ሐ. ውሃ በመጠቀም እሳቱን ማጥፋት,መ. እሳቱ ላይ የሞተር ዘይት በመርጨት ማጥፋት,,ሀ
343,ለነዳጅ ፍጆታ መጨመር ምክንት ከሚሆኑ ነገሮች ውስጥ አንዱ የቆሻሻ የአየር ማጣሪያ መጠቀም ነው፡፡,ሀ. እውነት,ለ. ሀሰት,,,,ሀ
344,በጉዞ ላይ እያለን የሞተር ሙቀት መቆጣጠሪያ ጌጁ ከፍተኛ ሙቀት ላይ ቢያመለክተን ምክንያት ከሚሆኑት ውስጥ የሚመደበው የቱ ነው?,ሀ. የቺንጊያ መበጠስ,ለ. የራዲያተር ውሃ መፍሰስ,ሐ. የቴርሞስታት ዘግቶ መቅረት,መ. ሁሉም መልስ ናቸው,,መ
345,በናፍጣ ሞተር ላይ ንፁህ አየር ወደ ሲሊንደር ውስጥ የሚገባው በየትኛው ምት ነው?,ሀ. በማስገባት ምት,ለ. በማመቅ ምት,ሐ. በማቀጣጠል ምት,መ. በማስወጣት ምት,,ሀ
346,ቾክ ቫልቭ በማንኛውም ሰዓት ወደ ካርቡሬተር የሚገባውን የአየር መጠን ይቆጣጠራል,ሀ. እውነት,ለ. ሀሰት,,,,ለ
347, ሁልጊዜ በነዳጅ ታንከሩ ውስጥ ከግማሽ በላይ የሆነ ነዳጅ እንዲኖር ይመከራል፡፡,ሀ. እውነት,ለ. ሀሰት,,,,
348,በሞተሩ ውስጥ የተወሰነ ሙቀት መኖሩ ምን ጠቀሜታ ያስገኛል?,ሀ. የሞተር ዘይት በቀላሉ በተለያዩ ክፍሎች ውስጥ እንዲዟዟር ያደርጋል፡፡,ለ. ወደ ሞተር የሚገባው ቀዝቃዛ አየር እንዲሞቅ ያደርጋል,ሐ. ወደ ሲሊንደር የሚገባው ነዳጅ ወደ ትነት ተቀይሮ ከአየሩ ጋር በደንብ እንዲደባለቅ ይረዳዋል፡፡,መ. ሁሉም መልስ ነፃ,,ሀ
349,የራዲያተር ክዳን ላይ ያሉ ቫልቮች የራዲያተሩንና የቱቦዎቹን ጤንነት ለመጠበቅ ይረዳል፡፡,ሀ. እውነት,ለ. ሀሰት,,,,ሀ
350,ጥርሱ ያለቀ ጎማ መሬት ስለማይቆነጥጥ ለሞተር ሙቀትና ጉልበት መቀነስ ምክንያት ሊሆን አይችልም ፡፡,ሀ/ እውነት,ለ/ ሀሰት,,,,ሀ
351,ከመጠን በላይ የሞቀ ሞተር ላይ በራዲያተሩ ውስጥ ቀዝቃዛ ውሃ መጨመር ለሲሊንደር ሄድ መሰንጠቅ ምክንያት ይሆናል፡፡,ሀ/ እውነት,ለ/ ሀሰት,,,,ሀ
352,ከመጠን በላይ ተሸከርካሪው ላይ ጭነት መጫን ለሞተር መሞቅ ምክንያት ይሆናል፡፡,ሀ/ እውነት,ለ/ ሀሰት,,,,ሀ
353,ሞተር ለረጅም ጊዜ እንዲሰራ ወቅቱን የጠበቀ ሠርቪስ ማድረግ ተገቢ ነው፡፡,ሀ/ እውነት,ለ/ ሀሰት,,,,ሀ
354,ውሃ በትነት መልክ ከራዲያተሩ ውስጥ ወጥቶ እንዳያልቅ የሚከላከል ክፍል መላሽ ቱቦ ይባላል፡፡,ሀ/ እውነት,ለ/ ሀሰት,,,,ለ
355,የቫልቭ ድምፅ ከሚገባው በላይ የሚጮህ ከሆነ ከሚጠቀሱት ምክንያቶች አንዱ የዘይት ማነስ ችግር ለሆን ይችላል ፡፡,ሀ/ እውነት,ለ/ ሀሰት,,,,ሀ
356,የቬንትሌተር በአግባቡ አለመቅዘፍ ለሞተር መሞቅ ምክንያት ይሆናል፡፡,ሀ/ እውነት,ለ/ ሀሰት,,,,ሀ
357,ካንዴላ በሚቀየርበት ጊዜ ሁሉንም በአንድ ጊዜ በተመሳሳይ መቀየር ይገባል፡፡,ሀ/ እውነት,ለ/ ሀሰት,,,,ሀ
358,ሞተርን ያለ አየር ማጣሪያ ማሰራት በፒስተን አናት ላይ ካርቦን እንዲጠራቀም ያደርጋል፡፡,ሀ/ እውነት,ለ/ ሀሰት,,,,ሀ
359,ፊውዝ ተቃጥሏል የሚባለው በውስጡ ያለው ሽቦ ሲበጠስ ነው፡፡,ሀ/ እውነት,ለ/ ሀሰት,,,,ሀ
360,የፍሬሲዮን ፔዳል በጣም ከፍ ብሎ ሲለቀቅ ተሸከርካሪው የሚንቀሳቀስ ከሆነ የምን ምልክት ነው?,ሀ. የፍሬሲዮን ሸራ ማለቅ,ለ. የፍሬሲዮን ሸራ አዲስ መሆን,ሐ. የካምቢዮ ጥርስ መበላት,መ. መልሱ አልተሰጠም,,ለ
361,የተሸከርካሪው ጎማ በጣም የሚፈጥነው የትኛውን ማርሽ ስንጠቀም ነው?,ሀ. 1ኛ,ለ. 2ተኛ,ሐ. 3ተኛ,መ. 4ተኛ,,መ
362, ፍሬሲዮን ሸራ ሲያልቅ እግርን ከፍሪሲዮን ፔዳል ላይ ሙሉ በሙሉ ብናነሳም ተሸከርካሪው አይንቀሳቀስም፡፡,ሀ. እውነት,ለ. ሀሰት,,,,
363,አውቶማቲክ ማርሽ ባላቸው ተሸከርካሪዎች ላይ ወደ ኋላ መጓዝ ስንፈልግ የምንጠቀመው ማርሽ የቱ ነው?,ሀ. P,ለ. R,ሐ. N,መ. D,,ለ
364,አውቶማቲክ ማርሽ ላይ ወደ ፊት ለመጓዝ የሚያገለግል የማርሽ አይነት የሆነው የቱ ነው?,ሀ. P,ለ. R,ሐ. N,መ. D,,ለ
365," አውቶማቲክ ማርሽ ባላቸው ተሸከርካሪዎች ላይ የማርሽ ዘንጉን ""P"" ላይ አድርጎ ወደፊት መጓዝ ይቻላል ፡፡",ሀ. እውነት                          ,ለ. ሀሰት,,,,መ
366,"አውቶማቲክ ማርሽ ባላቸው ተሸከርካሪዎች ላይ የማርሽ ዘንጉን ""P"" ላይ አድርጎ ወደፊት መጓዝ ይቻላል ፡፡",ሀ/ እውነት,ለ/ ሀሰት,,,,ለ
367,ጡሩንባ በንፋስ አማካኝነት ሊሰራ ይችላል,ሀ/ እውነት,ለ/ ሀሰት,,,,ሀ
368,ሞተር በሞቀበት ጊዜ የሞተር ዘይት መጠንን መለካት ይቻላል፡፡,ሀ/ እውነት,ለ/ ሀሰት,,,,ሀ
369,ሞተር እየሰራ ባለበት ጊዜ የእሳት አቀጣጣይ ክፍሎችን ማጠባበቅና መፈተሸ ይገባል፡፡,ሀ/ እውነት,ለ/ ሀሰት,,,,ለ
370,የሞተር ዘይት ከመጠን በታች ሲሆን ሞተር ውስጥ ቢያንስ ምን ይከሰታል ?,ሀ. የሞተሩ ድምፅ ይጨምራል,ለ. ሞተሩ ይሞቃል,ሐ. የሞተሩ ውስጣዊ ክፍሎች ይበላሻሉ,መ. ሁሉም መልስ ይሆናሉ,,መ
371,ጣሳ መሰል ቅርፅ ያለው የሞተር ክፍል,ሀ. ሲሊንደር,ለ.ፒስተን,ሐ. ሲሊንደር ብሎክ,መ. ሶቶኮፓ,,ሀ
372,ከሲሊንደር ውስጥ የተቃጠለ ጭስ የሚወጣበት ክፍል____ይባላል?,ሀ. አስገቢ ቫልቭ,ለ. ቫኪውም ቫልቭ,ሐ. ቾክ ቫልቭ,መ. አስወጪ ቫልቭ,,መ
373,ለጎማው ከፍተኛ ጉልበት የሚደርሰው የትኛውን ማርሽ ስንጠቀም ነው?,ሀ. 1ኛ,ለ. 2ተኛ,ሐ. 3ተኛ,መ. 4ተኛ,,ሀ
374,ራዲያተር እንዳይጨማደድ የሚከላከል የማቀዝቀዣ ክፍል የቱ ነዉ,ሀ. ቺንጋ,ለ. ፕሬዠር ቫልቭ,ሐ. ቫኪዩም ቫልቭ,መ. የዉሃ ፓምኘ,,ሐ
375,ከሚከተሉት ውስጥ ለሞተር ሙቀት መጨመር ምክንያት የማይሆነው የቱ ነዉ,ሀ. የቴርሞስታት ክፍት ሆኖ መቅረት,ለ. የጎማ ሊሾ መሆን,ሐ. የዉሃ ፖምኘ አለመስራት,መ. የቴርሞስታት ዘግቶ መቅረት,,ሀ
376,ከእሳት አቀጣጣይ ክፍሎች ዉስጥ ፑንቲና እንዳይቃጠል የሚከላከል ክፍል የቱ ነዉ,ሀ. ኮንታክት ፖይንት,ለ. ሮተር /ስፖሶላ/,ሐ. ኮንዴንሰር,መ. አድቫንስ መካኒዝም,,ሐ
377,ብዙ ጊዜ የባለንብረት ማንዋል ላይ የተሸከርካሪ የቻንሲ ቁጥር ይገልፃል፡፡,ሀ/ እውነት,ለ/ ሀሰት,,,,ሀ
378,ፍሬና ሞተር እየተጠቀምን ነዳጅ መስጠት ተገቢ ነው,ሀ/ እውነት,ለ/ ሀሰት,,,,ለ
379,ፍሬና ሞተር በአብዛኛውን ጊዜ በኋላ ጎማዎች ላይ ይገጠማል ፡፡,ሀ/ እውነት,ለ/ ሀሰት,,,,ለ
380,ከመጠን በላይ የሆነ የተሽከርካሪ ጭነት ለኤሌክትሪክ ክፍሎች ብቃት መቀነስ ምክንያት ይሆናል፡፡,ሀ/ እውነት,ለ/ ሀሰት,,,,ሀ
381,ማርሽ በማንኛም ጥርስ ላይ እያለ ሞተር ማስነሳት አይመከርም፡፡,ሀ/ እውነት,ለ/ ሀሰት,,,,ሀ
382,የቺንጋ መላላት ለሞተር ዙር መቀነስ ምክንያት ይሆናለ፡፡,ሀ/ እውነት,ለ/ ሀሰት,,,,ለ
383,የባትሪ ውሃን ከመጠኑ በላይ መብዛት ባትሪው የሚያመነጨውን የኤሌክትሪክ ጉልበት ይጨምራል፡፡,ሀ/ እውነት,ለ/ ሀሰት,,,,ለ
384,ለማርሽ ሙሉ ለሙሉ አለመግባት ወይም አለመውጣት የፍሪሲዮን በደንብ አለመረገጥ ምክንያት ይሆናል፡፡,ሀ. እውነት,ለ. ሀሰት,,,,ሀ
385,የቺነጋ መላላት ለባትሪ መድከም ምክንያት ይሆናል፡፡,ሀ. እውነት,ለ. ሀሰት,,,,ሀ
386,የናፈጣ ሞተር ነዳጅ አቅራቢ ክፍል የሆነው የቱ ነው,ሀ. ቦቢና,ለ. ካንዴላ,ሐ. ኢንጀክተር ኖዝል,መ. ካርቡሬተር,,ሐ
387,የፍሬን ብቃት ጥሩ የሚሆንበት የመንገድ ዓይነቶች ውስጥ የሚካተተው የቱ ነው@,ሀ. ደረቅ,ለ. አቧራማ,ሐ. አሸዋማ,መ. ጭቃማ,,ሀ
388,በከባድ ተሸከርካሪዎች ላይ ለፍሬን የሚያገለግለው ንፋስ ለፍሬሲዮን ተግባርም ያገለግላል፡፡,ሀ/ አውነት,ለ/ ሀሰት,,,,ሀ
389,በአብዛኛው ጊዜ በተሸከርካሪዎች ላይ የምናገኘው የባትሪ ዓይነት ክዳን ያለው ነው፡፡,ሀ/ እውነት,ለ/ ሀሰት,,,,ሀ
390,ኤክስፓንሽን ታንከር /ሪዘርቫየር/ የመጠባበቂያ የሞተር ዘይት ለመያዝ የሚያገለግል ክፍል ነው፡፡,ሀ/ እውነት,ለ/ ሀሰት,,,,ለ
391,በዳሽ ቦርድ ላይ የሚገኝ የመቆጣጠሪያ መሣሪያ የቱ ነው@,ሀ. ኦዶሜትር,ለ. የነዳጅ መስጫ,ሐ. የፍሪስዮን ፔዳል,መ. የማርሸ መለዋወጫ,,ሀ
392,ታኮሜትር _________________መሣሪያ ነው፡፡,ሀ. የሞተር ዙር መሣሪያ,ለ. የተሸከርካሪ ፍጥነት መቆጣጠሪያ,ሐ. የሞተር ዜይት ግፊት መለኪያ,መ. የሞተር ሙቀት መለኪያ,,ለ
393,የራዲያተር ውሃ መጠንን ለማረጋገጥ የምንጠቀምበት መሣሪያ ዲፕስቲክ ይባላል፡፡,ሀ/ እውነት,ለ/ ሀሰት,,,,ለ
394,በተሸከርካሪ ሞተር ላይ ኤክስፓንሽን ታንከር ቢኖርም ባይኖርም ምንም ችግር አያስከትልም፡፡,ሀ/ እውነት,ለ/ ሀሰት,,,,ለ
395,በራዲያተር ክዳን ላይ ያለው ላስቲክ ቢቀደድ ውሃ ይሞቃል፡፡,ሀ/ እውነት,ለ/ ሀሰት,,,,ሀ
396,ቺንጋ ሲበጠስ ወይም ራዲያተር በቆሻሻ ሲደፈን ሞተር ወዲያውኑ ይሞቃል፡፡,ሀ/ እውነት,ለ/ ሀሰት,,,,ሀ
397,በመካኒካል የሚሠራ መሪ በሃይድሮሊክ ከሚሠራው የበለጠ ለአጠቃቀም በጣም ቀላል ነው፡፡,ሀ/ እውነት,ለ/ ሀሰት,,,,ለ
398,በተደጋጋሚ የፍሬና ሞተር መጠቀም ለጎማ ማለቅ ምክንያት የሆናል፡፡,ሀ/ እውነት,ለ/ ሀሰት,,,,ለ
399,የመሪ ዘይት የመሪውን የመጠምዘዝ አቅም ለመጨመር የምንጠቀምበት ግብአት ነው፡፡,ሀ/ እውነት,ለ/ ሀሰት,,,,ሀ
400,የተሽከርካሪውን የደህንነት ቀበቶ ያለመጠቀሙን ለአሽከርካሪው ሊያስጠነቅቅ,ሀ/ እውነት,ለ/ ሀሰት,,,,ሀ
401,አሽከርካሪዎች በሚሽከረክሩበት ጊዜ የሞተር ዙር ማመልከቻ ጌጁን እየተከታተሉ ማሽከርከር ይገባቸዋል፡፡,ሀ/ እውነት,ለ/ ሀሰት,,,,ሀ
402,አሽከርካሪው በጉዞ ላይ እያለ አደጋ ቢያጋጥመው ሹፊሩ ከመሪው ጋር ቀጥታ እንዳይጋጭ የሚከላከልለት የአየር ከረጢት ነው፡፡,ሀ/ እውነት,ለ/ ሀሰት,,,,ሀ
403,የተሽከርካሪውን እንቅስቃሴ የሚቆጣጠር መሳሪያ አንዱ መሪ ነው፡፡,ሀ/ እውነት,ለ/ ሀሰት,,,,ሀ
404,የአንድን ተሽከርካሪ ፍጥነት ለመቀነስ ለመጨመር ማርሽ እና የነዳጅ ፔዳል እንጠቀማለን፡፡,ሀ/ እውነት,ለ/ ሀሰት,,,,ሀ
405,ተሽከርካው በከባድ ማርሽ ቢጓዝ የተሸከርካሪው ፍጥነት ሲቀንስ ጉልበቱ ይጨምራል፡፡,ሀ/ እውነት,ለ/ ሀሰት,,,,ሀ
406,ከሞተር የተፈጠረውን ዙር ወይም ኃይል ወደ ጊር ቦክስ የሚያስተላልፍ ክፍል ረዶታ ይባላል፡፡,ሀ/ እውነት,ለ/ ሀሰት,,,,ለ
407,ተሽከርካሪውን ወደ ተፈለገው አቅጣጫ ለመምራትና ለመቆጣጠር የምንጠቀምበት መሳሪያ መሪ ነው፡፡,ሀ/ እውነት,ለ/ ሀሰት,,,,ሀ
408,በመሪ አማካኝነት የሚታዘዘው ተሽከርካሪ የኋላ እግር ነው,ሀ/ እውነት,ለ/ ሀሰት,,,,ለ
409,በተሽከርካሪዎች ላይ የሚገኘውን መሪ በመካኒካልና በሃይድሮሊክ የሚሠራ ብለን እከፍለዋለን,ሀ/ እውነት,ለ/ ሀሰት,,,,ሀ
410,በመሪ አማካኝነት የተሽከርካሪን ፍጥነት መቆጣጠር ይቻላል,ሀ/ እውነት,ለ/ ሀሰት,,,,ለ
411,በተሽከርካሪዎች ላይ የሚገኘውን የፊት ጎማ በቀላሉ ለማዞር የሚያስችለውን ኃይል ለማግኘት የምንጠቀመው በዘይት በሚሠራ መሪ ነው፡፡,ሀ/ እውነት,ለ/ ሀሰት,,,,ሀ
412,የተሽከርካሪን እንቅስቃሴ ለመግታት ወይም ለማቆም ከምንጠቀምበት የፍሬን ዘዴዎች አንዱ በአየር ግፊት የሚሰራ የእግር ፍሬን ነው፡፡,ሀ/ እውነት,ለ/ ሀሰት,,,,ሀ
413,ዘይት ከሚጠቀሙ የተሽከርካሪ ክፍሎች ውስጥ አንዱ የእግር ፍሬን ነው፡፡,ሀ/ እውነት,ለ/ ሀሰት,,,,ሀ
414,የእግር ፍሬንና የእጅ ፍሬን አገልግሎት አንድ አይነት ነው::,ሀ/ እውነት,ለ/ ሀሰት,,,,ለ
415,የእጅ ፍሬን በንፋስ አማካኝነት ሊሠራ ይችላል፡፡,ሀ/ እውነት,ለ/ ሀሰት,,,,ሀ
416,ተሽከርካሪውን ለተወሰነ ጊዜያት በአለበት እንዳይንቀሳቀስና እንዲቆም ለማድረግ የምጠቀምበት የፍሬን ዓይነት የእግር ፍሬን ነው፡፡,ሀ/ እውነት,ለ/ ሀሰት,,,,ለ
417,በተሽከርካሪዎች ላይ የእግር ፍሬን በሦስት ዓይነት ዘዴዎች ሊሰራ ይችላል::,ሀ/ እውነት,ለ/ ሀሰት,,,,ሀ
418,በዘይትና በአየር የሚሰራ ፍሬን የሚገኘው በመለስተኛ ተሽከርካሪዎች ብቻ ነው፡፡,ሀ/ እውነት,ለ/ ሀሰት,,,,ሀ
419,በዘይትና በአየር ቅንብር በሚሰራ ፍሬን የተሽከርካሪው ሞተር እየሰራ ከአካባቢ አየርን በመሳብና ወደ አየር ማጠራቀሚያ ጋን የሚያስተላልፍ ፍሬን ክፍል ማስተር ሲሊንደር ይባላል፡፡,ሀ/ እውነት,ለ/ ሀሰት,,,,ለ
420,ወደ አየር ማጠራቀሚያ ጋን የሚገባውን የአየር መጠን ለመቆጣጠር የሚረዳ ኮምፕሬሰር ይባላል::,ሀ/ እውነት,ለ/ ሀሰት,,,,ለ
421,ወደ አየር ማጠራቀሚያ ሲሊንደር የሚተላለፈውን የአየር መጠን በመቆጣጠር ሲሊንደሩ እንዳይፈነዳ የሚቆጣጠር የፍሬን ክፍል ሴፍቲ ቫልቭ /ኤይር ሬጉሌተር/ ይባላል::,ሀ/ እውነት,ለ/ ሀሰት,,,,ሀ
422,ተሽከርካሪን ለአጭር ወይም ለረዥም ጊዜ ቆሞ እንዲቆይ ለማድረግ የምንጠቀምበት የፍሬን ዓይነት የእጅ ፍሬን ነው::,ሀ/ እውነት,ለ/ ሀሰት,,,,ሀ
423,ለተሽከርካሪ መቆጣሪያ መሳሪያዎች መደረግ ካለበት ጥንቃቄ ውስጥ አንዱ ማርሽ በአግባቡና በቅደም ተከተል መጨመርና መቀነስ ነው::,ሀ/ እውነት,ለ/ ሀሰት,,,,ሀ
424,አደገኛ ሁኔታ ካላጋጠመን በስተቀር መሪን በድንገት ማዞር ለተሽከርካሪ መቆጣጠሪያ መሳሪያዎች መበላሸት ምክንያት ይሆናል፡፡,ሀ/ እውነት,ለ/ ሀሰት,,,,ሀ
425,መሪን በድንገት ማዞር ለተሽከርካሪ መቆጣጠሪያ መሳሪዎች መበላሸት ምክንያት ይሆናል፡፡,ሀ/ እውነት,ለ/ ሀሰት,,,,ሀ
426,መደረግ ካለበት ጥንቃቄ ውስጥ አንዱ የፍሬን ሸራን በተወሰነ ጊዜ ሰርቪስ ማድረግ ነው::,ሀ/ እውነት,ለ/ ሀሰት,,,,ሀ
427,ከሚከተሉት ውስጥ አንዱ አየር ወይም ንፋስን በመጠቀም ተሽከርካሪን ያቆማል,ሀ. ኃይል አስተላላፊ,ለ. ሞተር,ሐ. ፍሬን,መ. ኤሌክትሪክ,,ሐ
428,ለሞተር መደረግ ያለበት ጥንቃቄ ምንድን ነው,ሀ. በየጊዜው ሞተር ከመነሳቱ በፊት በቂ ንፁህ ውሃ ተገቢ ውፍረቱን የጠበቀ የሞተር ዘይት መኖሩን ማረጋገጥ,ለ. በውሃ የሚቀዘቅዙ ሞተሮች ላይ በቂ ውሃ በራዲያተር ላይ ማድረግ,ሐ. ሞተር እንደተነሳ ነዳጅ እየሰጡ አለማሞቅ,መ. ሁሉም መልስ ነው,,መ
429,ከሚከተሉት ውስጥ የሞተር ኃይል አጋዥ ክፍል የሚባለው የትኛው ነው::,ሀ. የማለስለሻ ክፍል,ለ. የፍሬን ክፍል,ሐ. የኃይል አስተላላፊ ክፍል,መ. የተሸካሚ ክፍል,,ሀ
430,ሞተር ዘይት ለማየት ተሸከርካሪውን በቁልቁለታማ ቦታ ላይ ማቆም ያስፈልጋል,ሀ/ እውነት,ለ/ ሀሰት,,,,ለ
431,የሞተር ዘይትን በመመልከት በሀይል አስተላላፊ ክፍሎች ላይ ያለውን ውስጣዊ ችግር ማወቅ ይቻላል,ሀ/ እውነት,ለ/ ሀሰት,,,,ለ
432,የወፈረ የሞተር ዘይት በቀላሉ በሞተር ክፍሎች ውስጥ ሊዘዋወር ይችላል,ሀ/ እውነት,ለ/ ሀሰት,,,,ለ
433,የሞተር ዘይት ሲጠቁር መቆሸሹን በማወቅ መቀየር ይገባል,ሀ/ እውነት,ለ/ ሀሰት,,,,ሀ
434,ሞተር ከሚገባው በላይ መሞቅ ለራዲያተር ዉሀ ቶሎ ማለቅ ምክንያት ይሆናል,ሀ/ እውነት,ለ/ ሀሰት,,,,ሀ
435,ከተሽከርካሪ የኤሌክትሪክ ክፍል ዉስጥ የማይካተተዉ የቱ ነዉ?,ሀ. የሞተር ቁልፍ,ለ. የባትሪ ክፍል,ሐ. የመብራት ክፍል,መ. መልሱ የለም,,መ
436,በሞተሩ ውስጥ የገባውን የአየርና የነዳጅ ድብልቅ ለማቀጣጠል የሚረዳ የተሸከርካሪ የኤሌትሪክ ክፍል _____________ ይባላል፡፡,ሀ. የባትሪ ክፍል,ለ. የእሳት አቀጣጣይ ክፍል,ሐ. የመብራት ክፍል,መ. የሲጋራ መለኮሻ ክፍል,,ለ
437,የነዳጅ ጌጅ የሙቀት መጠቆሚያ መሣሪያና የዘይት ግፊት አመልካች መብራት በምን ክፍል ውስጥ ይካተታሉ?,ሀ. የባትሪ መሙያ ክፍል,ለ. በዳሽ ቦርድ ላይ ያሉ መሳሪያዎች,ሐ. የመብራት ክፍል,መ. የሞተር ማስነሻ ክፍል,,ለ
438,ሞተር ከመነሳቱ በፊት ተሸከርካሪው ላይ ያሉ ክፍሎች ኤሌትሪክ የሚያገኙት ከ _______ ነው፡፡,ሀ. ከዲናሞ,ለ. ከመብራት ክፍል,ሐ. ከባትሪ,መ. ሁሉም መልስ ይሆናሉ,,ሐ
439,ሞተር ከመነሳቱ በፊት አንድ አሽከርካሪ ማድረግ ያለበት,ሀ. የባትሪው ተርሚናሎች የጠበቁ መሆን ማረጋገጥ,ለ. በባትሪው ውስጥ በቂ የውሀ መጠን ያለ መሆኑን ማረጋገጥ,ሐ. የባትሪ ተርሚናሎች ላይ ሻጋታ አለመኖሩን ማረጋገጥ,መ. ሁሉም መልስ ይሆናሉ,,መ
440,ባትሪ ሲፈታ በመጀመሪያ ______________፣ሲታሰር ደግሞ በመጀመሪያ ____________ ማስቀደም ተገቢ ነዉ፡፡,ሀ. ኔጋቲቩን፣ ፖዘቲቩን,ለ. ፖዘቲቩን፣ ኔጋቲቩን,ሐ. ፖዘቲቩን፣ ፖዘቲቩን,መ. ቅደም ተከተላዊ ስርአት የለውም,,ለ
441,የባትሪ ውሃ ድሎ ውሃ መሙላት ካሰፈለገ የቧንቧ ውሃን መጠቀም ተገቢ ነዉ፡፡,ሀ. እውነት,ለ. ሀሰት,,,,ለ
442,የባትሪ መሙያ ክፍል ዋና ተግባር ያልሆነው የቱ ነው?,ሀ. ሞተሩ እንደተነሳ ባትሪውን መሙላት,ለ. ሞተሩ ጠፍቶ ኤሌትሪክ ማቅረብ,ሐ. ሞተሩ እየሰራ ለኤሌትሪክ ክፍሎች ሀይል ማቅረብ,መ. መልሱ አልተሰጠም,,መ
443,የተሸከርካሪን ባትሪ በሌላ ባዕድ ነገር መሸፈን የባትሪውን ቀዳዳዎች በመዝጋት ባትሪውን ለከፍተኛ ሙቀት ይዳርገዋል፡፡,ሀ. እውነት,ለ. ሀሰት,,,,ሀ
444,ለሞተር አለመነሳት መንስኤ ከሚሆኑት ውስጥ አንዱ አይካተትም,ሀ. የነዳጅ አለመኖር,ለ. የኤሌትሪክ ሀይል ማነስ,ሐ. የቺንጋ መላላት,መ. መልሱ አልተሰጠም,,ሐ
445,የባትሪ ውሃ ቶሎቶሎ ማለቅ የምን ምልክት ነዉ?,ሀ. የባትሪው ከሚገባው በላይ መሞላት,ለ. የቺንጋ መላላት,ሐ. የባትሪው ከመጠን በታች መሞላት,መ. ሁሉም መልስ ናቸው,,ሀ
446,የቺንጋ /ቤልት/ ከመጠን በታች መላላት ምን ያስከትላል?,ሀ. የባትሪ ከመጠን በላች እንዲሞላ ያደርጋል,ለ. ባትሪው ከመጠን በታች እንዲሞላ ያደርጋል,ሐ. ሞተሩ ወድያውኑ እንዲነሳ ያደርጋል,መ. ሁሉም መልስ ናቸው,,ለ
447,ለባትሪ መሙያ ክፍሎች መደረግ ካለብን ጥንቃቄ ውስጥ የማይካተተው የቱ ነው?,ሀ. ጄኔሬተር ሀይል ማመንጨቱን ማረጋገጥ,ለ. ቺንጋ አለመላለቱንና ማረጋገጥ,ሐ. ሞተሩ እየሰራ ጄኔሬተር አካባቢ የሚሰማ አለስፈላጊ ድምፅ መኖሩን ማዳመጥ,መ. ሁሉም መልስ ናቸው,,ሐ
448,ለሞተር ማስነሻ ክፍሎች ማድረግ ካለብን ጥንቃቄ የማይካተተው የቱ ነው?,ሀ. ሞተሩን ወዲያው ወዲያው ለማንሳት አለመሞከር,ለ. ሞተሩ እንደተነሳ ቁልፉን እዛው ላይ ለተወሰነ ጊዜ ይዞ መቆየት,ሐ. ሞተርን በራሱ ቁልፍ ማሰነሳት,መ. የሞተር ቁልፉን እስታርት ላይ ከ ‘30’ ሰከንድ በላይ አለማቆየት,,ለ
449,አንዳንድ ተሸከርካሪዎች ማርሹ ዜሮ ላይ ካልተደረገ በስተቀር ሞተራቸው አይነሳም፡፡,ሀ. እውነት,ለ. ሀሰት,,,,ሀ
450,ሞተር ሊነሳ ከማይችልባቸው ምክንያቶች ውስጥ አንዱ,ሀ. የፊውዝ መቃጠል,ለ. የኤሌትሪክ ገመድ መላቀቅ,ሐ. የሞተር ማስነሻ ክፍሉ አለመስራት,መ. ሁሉም መልስ ይሆናሉ,,መ
451,ለመብራት ክፍሎች ማድረግ ካለብን ጥንቃቄዎች ውስጥ የማይካተተው,ሀ. መኪናው ከመንቀሳቀሱ በፊት መብራቶች ጤነኛና የሚሰሩ መሆናቸው ማረጋገጥ,ለ. ፊውዞች አለመቃጠላቸውን ማረጋገጥ,ሐ. ሞተር እየሰራ ባለበት ሁኔታ መብራት አለማብራት,መ. መልስ አልተሰጠም,,ሐ
452,ፊውዝ ሲቃጠል ለጊዜው በሽቦ ቋጥሮ ችግሩን ለመቅረፍ መሞከር ተገቢ ነው,ሀ. እውነት,ለ. ሀሰት,ሐ. መልስ አልተሰጠም,መ. መልስ አልተሰጠም,,ለ
453,የተሸከርካሪ ጡሩንባ ስንፈትሽ ማረጋገጥ ያለብን __________ ነው,ሀ. በአግባቡን መስራቱን,ለ. ከመጠን በላይ መጨሁን,ሐ. ከመጠን በታች መጨሁን,መ. ሁሉም መልስ ይሆናሉ,,መ
454,የተሽከርካሪው ዳሽ ቦርድ ውስጥ ያለው ፊውዝ ቢቃጠል በሌላ በማንኛውም ፊውዝ መተካት,ሀ. ተገቢ አይደለም,ለ. ተገቢ ነው,ሐ. መልስ አልተሰጠም,መ. መልስ አልተሰጠም,,ሀ
455,በተሽከርካሪ ሞተር ነዳጅ መስመሩ ውስጥ አየር ቢገባ ምን ሊከሰት ይችላል?,ሀ. የሞተሩ ድም ይቆራረጣል,ለ. ሞተሩ አይነሳም,ሐ. ሀ እና ለ መልስ ይሆናሉ,መ. መልሱ አልተሰጠም,,ሐ
456,ለነዳጅ አስተላላፊ ክፍሎች ማድረግ ከሚገባን ጥንቃቄዎች ውስጥ የሚመደበው,ሀ. የነዳጅ ጋኑን በማንኛዉም ነገር መከደኑን ማረጋገጥ,ለ. በታንከሩ ውስጠ በቂ ነዳጅ መኖሩን ማረጋገጥ,ሐ. የነዳጅ መጠኑን ለማየት በእንጨት መጠቀም,መ. ሁሉም መልስ ይሆናሉ,,ለ
457,ለሞተሩ ድም* መቆራረጥ አንዱ ምክንያት ሊሆን የሚችለው,ሀ. የነዳጅ ማጣሪያው መቆሸሽ,ለ. የአየር ማጣሪያዉ መቆሸሽ,ሐ. ሀ እና ለ መልስ ይሆናሉ,መ. መልሱ አልተሰጠም,,ሐ
458,ወደ ሞተሩ ውስጥ የሚገባው የአየር መጠን ሲያንስ በሞተሩ ላይ ምን ያስከትላል?,ሀ. የሞተሩ ጉልበት ይቀንሳል,ለ. የሞተሩ ጉልበት ይጨምራል,ሐ. ሞተሩ ከሚገባው በላይ እንዲሞቅ ያደርገዋል,መ. ሁሉም መልስ ናቸው,,ሀ
459,በቤንዚን ሞተር ላይ የነዳጅ ማጣሪያውን ስንገጥም ማጣሪያው ላይ ያለውን የቀስት ምልክት ወደ __________ አቅጣጫ አድርጎ መግጠም ተገቢ ነው,ሀ. ወደ ሳልባትዮ,ለ. ፖምፑ,ሐ. በተፈለገው አቅጣጫ ቢገጥም ችግር የለውም,መ. ከ ሐ በስተቀር ሁሉም መልስ ይሆናሉ,,ለ
460,ከሚከተሉት ውስጥ አሽከርካሪዎች ሊያዩትና ሊፈትሹት ከሚገባቸው ጉዳዬች ውስጥ የማይካተተው የቱ ነው?,ሀ. ባላውአፉን በብቃት መፈተሸ,ለ. የኤሌትሪክ መስመርን መፈተሽ,ሐ. የነዳጅ መስመርን መፈተሽ,መ. መልሱ አልተሰጠም,,መ
461,የአሽከርካሪዎች የዘውትር ተግባር ከሆነው ውስጥ የማይካተተው,ሀ. የፍሬን ሸራ መቀየር,ለ. የራዲያተር ውሃን ማየትና መሙላት,ሐ. የሞተር ዘይት ማየትና መሙላት,መ. መልሱ አልትሰጠም,,ሀ
462,አንድ አሽከርካሪ የሞተር ዘይት ሲቀየር/ ለማየት በዲፕስቲክ የሚያረጋግጠው ዘይቱ,ሀ. መቆሸሹን,ለ. መቅጠኑን,ሐ. መወፈሩን,መ. ሁሉም መልስ ይሆናሉ,,መ
463,አሽከርካሪዎች ከዘወትር ተግባር አንዱ የሆነው ጎማን የመፈተሽ ተግባር ሲከናወን መታየት ያለበት,ሀ ጎማው አዲስ መሆኑን,ለ. ጎማው ላይ ያለዉ የአምራች ምልክት,ሐ. የጎማው ንፋስ መጠን,መ. ሁሉም መልስ ይሆናሉ,,ሐ
464,በተሸከርካሪ ላይ ባትሪ ሁልጊዜ በፕላስቲክ ወይንም በካርቶን በደንብ ተሸፍኖ መቀመጥ ይኖርበታል,ሀ. እውነት,ለ. ሀሰት,,,,ለ
465,በአብዛኛው በተሸከርካሪ ላይ _______________ አይነት ባትሪዎች ይገኛሉ,ሀ. አንድ,ለ. ሁለት,ሐ. ሦስት,መ. አራት,,ለ
466,የተሸከርካሪ የጎማ ንፋስ መጠን ከጎደለ ምን ይከሰታል?,ሀ. የተሸከርካሪው ፍጥነት ይቀንሳል,ለ. ጎማው ቶሎ ይበላል,ሐ. ተሸከርካሪውን ለጉዞ አስቸጋሪ ያደርገዋል,መ. ሁሉም መልስ ይሆናሉ,,መ
467,አንድ አሽከርካሪ ጉዞ ከመጀመሩ በፊት ማረጋገጥ ያለበት,ሀ. በታንከሩ ውስጥ በቂ ነዳጅ መኖሩን ማረጋገጥ,ለ. ፍሬን ሸራው ያልተበላ መሆኑን ማረጋገጥ,ሐ. የካምቢዩና የዲፈራንሻል ዘይት ሙሉ መሆናቸው ማየት,መ. ሁሉም መልስ ይሆናሉ,,መ
468,የተሸከርካሪ ኮፈን ከፍተን ፍተሻ ከምናደርግባቸው ተግባሮች ውስጥ የማይካተተው _________ ነፍ,ሀ. የሞተር ዘይት በበቂ መኖሩን,ለ. የራዲያተር ውሃ ንጽህና ሙሉ መሆኑን,ሐ. የጎማ ብሎኖች ያልተጓደሉ መሆናቸውን ማየት,መ. መልሱ አልተሰጠም,,ሐ
469,የኤሌትሪክ ክፍሎችን ስንመረመር ወይንም ስንፈትሽ ትኩረት መስጠት ካለብን ነገሮች ውስጥ የማይመደበው,ሀ. የኤሌክትሪክ መስመር መላቀቁን,ለ. ባትሪ ጠብቆ የታሰረ መሆኑን,ሐ. መብራቶች በአግባቡ የሚሰሩ መሆናቸውን,መ. መልሱ አልተሰጠም,,መ
470,በዳሽቦርድ ላይ ከሚገኙ ጠቋሚ መሣሪያዎች ውስጥ የማይካተተው የቱ ነው?,ሀ. የሙቀት መጠን መለኪያ,ለ. የፊውዝ መጠን መለኪያ,ሐ. የነዳጅ መጠን መለኪያ,መ. የዘይት ግፊት መለኪያ,,ለ
471,ባመዘውአነ /blowaf/ የሚለዉ ቃል ሲተነተን,ሀ. ባትሪ መብራት ዘይት ውሃ አየርና ነዳጅ,ለ. ባትሪ ዘይት መብራት አየር ውሃና ነዳጅ,ሐ. ባትሪ ነዳጅ ውሃ መብራት አየርና ዘይት,መ. ውሃ ነዳጅ ባትሪ አየር ዘይትና መብራት,,ሀ
472,ባትሪ ውስጥ የሚጨመረው ፈሳሽ የምንና የምን ውህድ ነው?,ሀ. የካርቦንና ውሃ,ለ. የሊድና ውሃ,ሐ. የሰልፈሪክ አሲድና ውሃ,መ. መልሱ አልተሰጠም,,ሐ
473,ተሸከርካሪ ላይ ባትሪ ሲገጥም ፖዘቲቩና ጌጋቲቩን ተቀያይሮ ቢታሰር ምን ይከሰታል?,ሀ. የኤሌትሪክ ሀይል መቀነስ,ለ. የኤሌትሪክ ሀይል መቋረጥ,ሐ. የተሽከርካሪው ኤሌትሪክ ክፍሎች መቃጠል/መበላሸት/,መ. ሁሉም መልስ ይሆናል,,መ
474,አብዛኛውን ጊዜ ተሸከርካሪ ላይ የሚገኝ የግንባር መብራት በስንት ዓይነት ይገኛል,ሀ. በአንድ,ለ. በሁለት,ሐ. በሦስት,መ. በአራት,,ለ
475,የሠሌዳ መብራት አገልግሎት ለ____________ ይረዳል*,ሀ. ተሸከርካሪው በምሽት አደጋ አድርሶ ቢያመልጥ ቁጥሩን ማየትና እንዲያዝ ለማድረግ,ለ. ከኃላ የሚገኘው የተሸከርካሪው ክፍል በግልፅ እንዲታይ,ሐ. ከኃላ ያለ አሽከርካሪ ከፊት በቂ እርቀቱን የጠበቀ ተሸከርካሪ መኖሩን ለመጠቆም,መ. ሁሉም መልስ ይሆናሉ,,ሀ
476,የኃላ ማርሽ መብራት አገልግለት ከሆኑት ውስጥ የማይመደበው,ሀ. ተሸከርካሪው ወደ ኃላ መዝ መፈለጉን ከኃላ ላሉት መንገድ ተጠቃሚዎች መልክት ለማስተላለፍ,ለ. በምሽት ጊዜ ከመኪናው ኃላ ያለው ክፍል ተሸከርካረው ወደ ኃላ በሚሄድበት ጊዜ በግልፅ እንዲታየው ያግዛል,ሐ. ተሸከርካሪው የቆመ መሆኑን ሌሎች እንዲረዱት ያደርጋል,መ. መልሱ አልተሰጠም,,መ
477,የፍሬን መብራት አገልግሎት ምንድን ነው?,ሀ. ከኋላ ያሉ አሽከርካዎች የፊተኛው መኪና ፍጥነት የቀነሰ መሆኑን እንዲገነዘቡና እንዲጠነቀቁ,ለ. ከኋላ የሚከተሉ አሽከርካሪዎች ከፊት ያለው መኪና ለመቆም መፈለጉን ተገንዝበው ጥንቃቄ እንዲያደርጉ,ሐ. አሽከርካሪው የሚያሽከርክረው መኪና እየቆመ መሆኑን እንዲረዳ ያደርጋል,መ. ከ “ሐ” በስተቀር ሁሉም መልስ ይሆናሉ,,መ
478,የቀኝ ፍሬቻ ከሚሠጣቸው አገልግሎቶች ውስጥ የማይካተተው,ሀ. ተሽከርካሪው ለመቆም መፈለጉን,ለ. ተሽከርካሪው ለመነሳት መፈለጉን,ሐ. ተሽከርካሪው ከግራ አቅጣጫ ወደ ቀኝ ለመቀየር መፈለጉን,መ. መልሱ አልተሠጠም,,ለ
479,የግራ ፍሬቻ አገልግሎት ነው።,ሀ. ተሽከርካሪው ከቆመበት ለመነሳት መፈለጉን,ለ. ተሽከርካሪው ለመቆም መፈለጉን,ሐ. ተሽከርካሪው ወደ ቀኝ ለመዞር መፈለጉን,መ. ሁሉም መልስ ይሆናሉ,,ሀ
480,የሀዛርድ ፍሬቻ እንዲበራ የሚደረገው መቼ ነው,ሀ. ታርጋ ሳይለጥፉ ከወደብ ወደ ከተማ/ጉሙሩክ ተሽከርካሪዎች በሚጓዙ ጊዜ,ለ. በመንገድ ላይ ተሽከርካሪው በብልሽት በቆመ ጊዜ,ሐ. የእሳት አደጋና አንቡላንስ ተሽከርካሪዎች ለስራ በሚሰማሩበት ጊዜ,መ. ሁሉም መልስ ይሆናሉ,,መ
481,በአብዛኛው የቤት ተሽከርካሪዎች የኋላ መስታወት ላይ የሚገኙ ቀጫጭን የኤሌክትሪክ መስመሮች ጥቅም ምንድን ነው?,ሀ. መስታወቱ ላይ የሚያርፈውን ዝናብ ለመጥረግ,ለ. መስታወቱ ላይ የሚያርፈውን ጭጋግ/በረዶ ለማቅለጥ,ሐ. ምንም ጥቅም አይሰጥም,መ. “ሀ” እና “ለ” መልስ ይሆናሉ,,ለ
482,ከባትሪ የተቀባለውን የኤሌክትሪክ ኃይል ወደ ሜካኒካል በመቀየር የመኪናው ሞተር እንዲነሳ የሚያደርግ ክፍል ይባላል።,ሀ. ቁልፍ,ለ. ጀነሬተር,ሐ. ሞተሪኖ/ስታርተር ሞተር,መ. ቦቢና,,ሐ
483,ከባትሪ መሙያ ክፍል ጄነሬተር በትክክል መስራቱን ማረጋገጥ የሚችለው የቺንግውን ጤንነት በማየት ነው።,ሀ/ እውነት,ለ/ ሀሰት,,,,ለ
484,ከሚከተሉት ውስጥ የሞተር ዘይት ተግባር ያልሆነው የቱ ነው?,ሀ. ጥሩ እመቃ እንዲኖር ያግዛል,ለ. ዝገትን ይከላከላል,ሐ. ሰበቃን ይቀንሳል,መ. መልሱ አልተሠጠም,,መ
485,የሞተር ዘይት በሞተሩ ውስጥ የሚፈጠረውን ድምፅ ለመቀነስ ይረዳል።,ሀ. እውነት,ለ. ሀሰት,,,,ሀ
486,ከሚከተሉት ውስጥ የሞተር ዘይት በሚፈትሽበት ጊዜ ማረጋገጥ የማይቻለው የትኛው ነው,ሀ. የዘይቱ መቅጠን,ለ. የዘይቱ ሙቀት,ሐ. የዘይቱ ውፍረት,መ. የዘይቱ መቆሸሽ,,ለ
487,ዳሽ ቦርድ ላይ የሚገኘው የዘይት አመልካች መሣሪያ የሚለካው የዘይቱን _____ነው።,ሀ. ግፊት,ለ. ውፍረት,ሐ. መጠን ,መ.ሁሉም መልስ ናቸው,,ሀ
544,የተሽከርካሪ ሞተር በሚጠቀመው የነዳጅ አይነት በስንት ይከፈላል?,ሀ. በ1,ለ. በ2,ሐ. በ3,መ. በ4,,መ
545,የሞተር ማቀዝቀዣ ዘዴ የዘይትና የአየር ተብሉ በሁለት ይከፈላል፡፡,ሀ. እውነት,ለ.ሀሰት,,,,ለ
546,በሞተር ውስጥ በሞተር ዘይት አማካኝነት የሚወገደው የሙቀት መጠን በፐርሰንት ምን ያህል ነው?,ሀ. 10,ለ. 5,ሐ. 15,መ. 25,,ለ
547,ከሚከተሉት አንዱ የነዳጅ አስተላላፊ ክፍል አይደለም,ሀ. ካም ሻፍት,ለ. የነዳጅ ማጣሪያ,ሐ. ቾክ ቫልቨ,መ. ሰልባትዮ,,ለ
548,ከሚከተሉት ውስጥ የእሳት አቀጣጣይ ክፍል የሆነው የቱ ነው?,ሀ. ቴርሞስታት,ለ. የራዲያተር ክዳን,ሐ. ካንዴላ,መ. ሁሉም መልስ ነው,,ሀ
549,የፍላይዊል ተግባር የሆነው የቱ ነው?,ሀ. ከሞተሪኖ ጋር በመቀናጀት ሞተር እንዲነሳ ማድረግ,ለ. የፊት ገፅ ለፍሪሲዮን አገልግሎት ይውላል,"ሐ. ""ሀ"" አና ""ለ"" መልስ ይሆናሉ",መ. መልሱ አልተሰጠም,,ሐ
550,በራዲያተር ክዳን ላይ የሚገኘው የኘሬዠር ቫልቨ አገልግሎት የሆነው?,ሀ. ሞተሩ ውስጥ ውሀ ሲሞቅ በግፊት የሚወጣው ውሀ ወደ ኤክስፖንሽን ታንክ እንዲገባ ማድረግ ነዉ,ለ. ሞተሩ ሲቀዘቅዝ ተጨማሪ ውሀ ከኤክስቴንሽን ታንክ በመሳብ ወደ ራዲየተር እንዲገባ ማድረግ ነው,ሐ. ሀ እና ለ መልስ ናቸው,መ. መልሱ አልተሰጠም,,ሐ
551,ከሚከተሉት ውስጥ የፊውዝ አገልግሎት የሆነው የቱ ነው?,ሀ. በኤሌክትሪክ መስመሮች መካከል የሚያልፈውን የኤሌክትሪክ መጠንክፍሎች መቆጣጠር,ለ. በኤሌክትሪክ የሚሰሩ የተሽከርካሪ ክፍሎች በኤሌክትሪክ ሀይል መጨመር ም,ሐ. በኤሌክትሪክ መስመሮች መካከል እንደ ማብሪያና ማጥፊያ ሆኖ  ማገልገል,መ. ሁሉም መልስ ይሆናሉ,,ሀ
552,የክላች ወይም የፍሪሲዮን ተግባር ያልሆነው የቱ ነው?,ሀ. ኃይልን ከሞተር ወደ ካምብዮ ማስተላለፍ,ለ. ኃይልን ከሞተር ወደ ካምብዮ እንዳይተላለፍ ማቋረጥ,ሐ. የተሽከርካሪውን ፍጥነት መቆጣጠር,መ. መልሱ አልተሰጠም,,ለ
553,በተሽከርካሪ ሞተር አወቃቀር መሠረት ሲሊንደር ሄድ የሞተር የትኛው ክፍል ነው?,ሀ. የሞተር የላይኛው ሐ. የሞተሩ ታችኛው,ለ. የሞተር መካከለኛ,ሐ. የሞተሩ ታችኛው,መ. መልሱ አልተሰጠም,,ሐ
554,ሲሊንደር ብሎክ ተብሎ የሚጠራው የሞተር የትኛው ክፍል ነው?,ሀ. በሞተር የላይኛው,ለ. በሞተሩ መካከለኛ,ሐ. ከሞተሩ የታችኛው,መ. መልሱ አልተሰጠም,,ሀ
555,የሺሚያስ ተግባር የሆነው የቱ ነው?,ሀ. ዲፈረንሻልና ጐማን ማገናኘት,ለ. ኃይልን ከዲፈረንሻል ተቀብሎ ለጐማ ማስተላለፍ,"ሐ. ""ሀ"" እና ""ለ"" መልስ ናቸው",መ. መልሱ የለም,,ለ
556,የዲፈረንሻል ተግባር የሆነው የቱ ነው,ሀ. ከትራንስሚዩን የመጣለትን ዘር በ90° ዲግሪ ቀይሮ ለጐማ ማስተላለፍ,ለ. መኪናው ኩርባ ሲዞር ለውስጥና ለውጪው ጐማ ኃይል በማመጣጠን ተሽከርካሪው ሚዛኑን ጠብቆ እንዲዞር ማድረግ,ሐ. መኪናው በቀጥታ መንገድ ሲጓዝ ለሁለቱም ጐማዎች ኃይልን እኩል መከፋፈል,መ. ሁሉም መልስ ይሆናሉ,,ሐ
557,ከተሽከርካሪ ኤሌክትሪክ ክፍሎች የማይመደበው የቱ ነው?,ሀ. የሞተር ማስነሻ ክፍል,ለ. የዳሽቦርድ ክፍል,ሐ. የባትሪ መሙያ ክፍል,መ. መልሱ አልተሰጠም,,መ
558,የዲስተርብውተር ተግባር ያልሆነው የቱ ነው?,ሀ. ፑንቲናን በውስጡ በመያዝ ወደ ቦቢና የሚሄደውን መስመር መክፈትና ማቋረጥ,ለ. ከቦቢና የመጣውን ኃይል ለእያንዳንዱ ሲሊንደር ማከፍፈል,ሐ. የተሽከርካሪውን ፍጥነት መቆጣጠር,መ. መልሱ አልተሰጠም,,መ
559,የተሽከርካሪን የውስጥ መብራት በምሽት አብርቶ መጓዝ ምንም ችግር አያስከትልም,ሀ. እውነት,ለ. ሀሰት,,,,ሀ
560,የተሽከርካሪው አካል ተሽከርካሪ ከተዋቀረበት ክፍል ውስጥ አይመደብም,ሀ. እውነት,ለ. ሀሰት,,,,ለ
561,በተሽከርካሪ ባትሪ ውስጥ የምናገኘው ፈሳሽ የምን እና የምን ድብልቅ ነው?,ሀ. የካልሲየምና የውሃ,ለ. የውሃና የማግኒዚየም,ሐ. የፖታሲየምና የውሃ ድብልቅ,መ. የሰልፈሪክ አሲድና የውሃ ድብልቅ,,ለ
562,የፓርኪንግ መብራት በምሽት መኪናችንን ከመንገድ ጠርዝ ላይ ስናቆም ሌሎች ተሽከርካሪዎች መኪና መቆሙን አውቀው እንዲጠነቀቁ ይረዳል,ሀ. እውነት,ለ. ሀሰት,,,,መ
563,የግራ ፍሬቻ አገልግሎት ከሆነው ውስጥ የማይካተተው የቱ ነዉ?,ሀ. ካቆምንበት ለመነሳት,ለ. ከግራ ወደ ቀኝ እረድፍ ለመቀየር,ሐ. ከቀኝ ወደ ግራ እረድፍ ለመቀየር,መ. ወደ ግራ ለመታጠፍ,,ሀ
564,የቀኝ ፍሬቻ አገልግሎት የሆነው የቱ ነው?,ሀ. ወደ ቀኝ ለመታጠፍ,ለ. ከግራ ወደ ቀኝ እረድፍ ለመቀየር,ሐ. ለማስቀደም,መ. ሁሉም መልስ ይሆናል,,ለ
565,የሠሌዳ መብራት ከተሽከርካሪው የፊተኛው ታርጋ ላይ ይገኛል,ሀ. እውነት,ለ. ሀሰት,,,,መ
566,ጄነሬተር የሚያመነጨውን የኤሌክትሪክ ኃይል ከመጠን እንዳይበዛ የሚቆጣጠር መሣሪያ ምን ይባላል?,ሀ. ሬጉሌተር,ለ. ፊውዝ,ሐ. የባትሪ ጌጅ,መ. ሁሉም መልስ ናቸው,,ለ
567,ባትሪ ከመጠን በላይ ቻርጅ ከሆነ ቶሎ ቶሎ የባትሪ ውሃ ይጨርሳል,ሀ. እውነት,ለ. ሀሰት,,,,ሀ
568,የኤሌክትሪክ ሀይል መቆጣጠሪያ ፊውዝ ሲቀየር ቁጥሩ ቢቀያየርም ምንም ችግር የለውም,ሀ. እውነት,ለ. ሀሰት,,,,ሀ
569,የዝናብ መጥረጊያ አገልግሎት የሆነው የቱ ነው?,ሀ. የዝናብ ውሃን ከመስታወቱ ላይ ይጠርጋል,ለ. ከሌላ ተሽከርካሪ መስታወቱ ላይ የሚረጭን ውሃ ያፀዳል,ሐ. አቧራና ሌሎች ቆሻሻዎችን ከመስታወቱ ላይ ያፀዳል,መ. ሁሉም መልስ ይሆናሉ,,ለ
570,ሞተር ዘይት በፒስተን ቀለበትና በሲሊንደሩ መካከል በመግባት ጥሩ እመቃ እንዲፈጠር ያደርጋል,ሀ. እውነት,ለ. ሀሰት,,,,መ
571,በማንኛውም ወቅት ቴርሞስታት ከተሽከርካሪ ማቀዝቀዣ ክፍል ቢወጣ በተሽከርካሪው ሞተር ላይ የሚያስከትለው ጉዳት የለም,ሀ. እውነት,ለ. ሀሰት,,,,ሀ
572,የተሽከርካሪ ማቀዝቀዣ ክፍል ሲፈተሽ መታየት ያለበት,ሀ. ቬንትሌተሩ ተገልብጦ አለመገጠሙን,ለ. ቺንጋው አለመላላቱን መፈተሽ,ሐ. በራዲየተሩ ውስጥ ንፁህ ውሃ በበቂ መጠን መኖሩን,መ. ሁሉም መልስ ይሆናሉ,,ለ
573,በተቃጠለው የተሽከርካሪ ጭስ ሀይል እየተሽከረከረ ንፁህ አየር ከውጭ በመሳብ ለሲሊንደሩ የሚያደርስ ክፍል የቱ ነው?,ሀ. ሱፐር ቻርጀር,ለ. ቱርቦ ቻርጀር,ሐ. ኢንቴክ ማኒፎልድ,መ. መልሱ የለም,,መ
574,ዘይት በመጠቀም ወደ ተሽከርካሪ ሞተር የሚገባውን አየር የሚያጣራ ማጣሪያ አይነት------------- ይባላል,ሀ. እርጥብ ማጣሪያ,ለ. ደረቅ ማጣሪያ,ሐ. ደረቅና አርጥብ ማጣሪያ,መ. ሁሉም መልስ ናቸው,,ለ
575, ደረቅ ተብሎ የሚታወቀውን የተሸከርካሪ የሞተር አየር ማጣሪያ ኃይል ባለው ንፋስ በሚፀዳበት ወቅት መሆን አለበት,ሀ. ከውጪ ወደ ውስጥ,ለ. ከውስጥ ወደ ውጪ,ሐ. የላይኛውን ክፍል በመመታ,መ. መልሱ የለም,,ሀ
576, በናፍጣ ሞተር በማስገባት ምት ጊዜ ወደ ሲሊንደሩ የሚገባው,ሀ. የአየርና ነዳጅ ድብልቅ ነው,ለ. ነዳጅ ብቻ ነው,ሐ. ንፁህ አየር ብቻ ነው,መ. መልሱ አልተሰጠም,,ለ
577,በተሽከርካሪ የጭስ ማውጫ ክፍሎች ውስጥ የማይካተተው የቱ ነው?,ሀ. ኤግዞስት ማኒፎልድ,ለ. የጭስ ማስወጫ ቱቦ,ሐ. ካታሊስት ኮንቨርተር,መ. መልሱ የለም,,ሐ
578, በተሽከርካሪ የጭስ ማውጫ ክፍሎች ውስጥ የካታሊስት ኮንቨርተር አገልግሎት የሆነው,ሀ. ከጭሱ ጋር ተደባልቆ የሚወጣውን ያልተቀጣጠለ ሀይድሮካርቦን ወደ ውሃና ካርቦንዳይኮክሳይድ መለወጥ ነው,ለ. ንፁህና የተጣራ አየርን ከውጪ በመሳብ ወደ ሲሊንደርመጨመር ነው,ሐ. ጭሱን አጣርቶ ንፁህ የሆነውን አየር በነዳጅ ጋር ተደባልቆ ወደ ሲሊንደር እንዲገባ ማድረግ ነው,መ. ሁሉም መልስ ይሆናል,,መ
579, ከሚከተሉት አንዱ የነዳጅ አስተላላፊ ክፍል አይደለም,ሀ. ኢንጄክሽን ፓምኘ,ለ. ካርቡሬተር,ሐ. የነዳጅ ማጣሪያ,መ. መልሱ የለም,,ሀ
580, በሲሊንደር ውስጥ ያለውን አየር በማሞቅ ናፍጣው በቶሎ እንዲቀጣቀል የሚያደርግ    ክፍል ይባላል,ሀ. ካንዴላ,ለ. ግሎወኘላግ,ሐ. ካርቡሬተር,መ. የነዳጅ ፓምኘ,,መ
581,የተሽከርካሪ መሪ በተሽከርካሪ ላይ በሁለት ዓይነት ይገኛል,ሀ. እውነት,ለ. ሀሰት,,,,ለ
582,ከመሪ መዘወር ዘንግ የተቀበለውን አነስተኛ ኃይል አባዝቶና ወደ ቀጥተኛ የጐማ ዙር የሚቀይር የመሪ ክፍል,ሀ. የመሪ መዘወር,ለ. የመሪ ዘንግ,ሐ. የመሪ ጥርስ ሳጥን,መ. ቴስቲኒ,,ሀ
583,ከሚከተሉት ውስጥ የጐማ ጥቅም ያልሆነው የቱ ነው,ሀ. በተሽከርካሪው ላይ የሚያርፈውን ጭነት መሸከም,ለ. የመንገዱን ወጣ ገባነት ንቅናቄ ወደ ጋቢና እንዳይተላለፍ መከላከል,ሐ. ተሽከርካሪው መሬት ቆንጥጦ አንዲጓዝ ማድረግ,መ. የፍሬን ብቃት እንዲቀንስ ያደርጋል,,ሐ
584,በተሽከርካሪ ላይ የእግር ፍሬን ዓይነቶች በምን በምን ይገኛሉ,ሀ. በኤሌክትሪካል,ለ. በንፋስ,ሐ. በዘይት,መ. ለ እና ሐ መልስ ናቸው,,መ
585,ተሽከርካሪው እየተጓዘ እያለ የመኪናውን ፍጥነት መቆጣጠር ብንፈልግ በመጀመሪያ የምንረግጠው,ሀ. የእግር ፍሬኑን,ለ. የእጅ ፍሬኑን,ሐ. የእግር ፍሬንና ፍሪሲዮኑን,መ. የነዳጅ መስጫውን,,መ
586,የፍሬን ፔዳል ሁል ጊዜ መረገጥ ያለበት,ሀ. በግራ እግር,ለ. በቀኝ አግር,ሐ. በግራ እግር ተረከዝ,መ. መልሱ የለም,,ሀ
587, የተሽከርካሪ እጅ ፍሬን የምንጠቀመው መቼ ነው?,ሀ. መብራት ላይ ስንቆም,ለ. ተሽከርካሪውን አቁመን ስንወርድ,ሐ. ወደኃላ በምናሽከርክርበት ጊዜ,"መ. ""ሀ""እና""ለ""መልስ ይሆናሉ",,ለ
588,የቬንትሌተር አገልግሎት አየር ከውጪ ወደ ውስጥ በራዲያተር ቀዳዳ ውስጥ ማስገባት ነው፡፡,ሀ. እውነት,ለ. ሀሰት,,,,ሀ
590,ከሞተር የወጣውን ኃይል ወደ ተለያየ ፍጥነትና ጉልበት የሚቀይር የተሽከርካሪ ክፍል ዲፈረንሻል ይባላል፡፡,ሀ. እውነት,ለ. ሀሰት,,,,ሀ
591,የተሽከርካሪ ጐማ እንደ አረግራጊ ክፍል ያገለግላል፡፡,ሀ. እውነት,ለ. ሀሰት,,,,ለ
616,የራዲያተር ውሃ ሲሞላ እስከ አፉ መሆን የለበትም፡፡,ሀ. እውነት,ለ. ሀሰት,,,,ሀ
617,የጐማ የንፋስ መጠንን በግምት ማወቅ ይቻላል፡፡,ሀ. እውነት,ለ. ሀሰት,,,,ለ
618,ሞተር ሳይሰራ ለረጅም ጊዜ የፊት መብራት መጠቀም ለባትሪ መሞት ምክንያት ይሆናል፡፡,ሀ. እውነት,ለ. ሀሰት,,,,ሀ
619,በራዲያተር ውስጥ የሚጨመረው የፀረ ዝገት ኬሚካል ሲጨመር በሞተር ዘይት መጨመሪያው በኩል መሆን አለበት፡፡,ሀ. እውነት,ለ. ሀሰት,,,,ለ
620,የጐማ ንፋስ በቫልቩ በኩል የሚሰርቅ መሆኑን ለማረጋገጥ ቫልቩ ልይ ምራቅ /ኦሞ/ በማድረግ ይታወቃል፡፡,ሀ. እውነት,ለ. ሀሰት,,,,ሀ
621,የተሽከርካሪው እስፖኪዮ ቢሰበርም በማሽከርከር ላይ ምንም ችግር አያስከትልም፡፡,ሀ. እውነት,ለ. ሀሰት,,,,ለ
625,ተሽከርካሪን ማርሽ ላይ እያለ ሞተር ማስነሳቱ ይመረጣል፡፡,ሀ. እውነት,ለ. ሀሰት,,,,ለ
626,ተሽከርካሪው በከፍተኛ ፍጥነት ላይ እያለ ፍሬና ሞተር ተጠቅመን በድንገት ማቆም እንችላለን፡፡,ሀ. እውነት,ለ. ሀሰት,,,,ለ
627,የሞተር ቺንጋ ተበጥሶ ለረጅም ጊዜ ብናሽከረክርም ምንም የሚያስከትለው ጉዳት የለም፡፡,ሀ. እውነት,ለ. ሀሰት,,,,ለ
628,በቁልቁለት ላይ የእጅ ፍሬን ይዘንና ማርሹን ዜሮ አድርገን ተሽከርካሪው ከተጓዘ የእጅ ፍሬን ደካማ ነው ማለት ነው፡፡,ሀ. እውነት,ለ. ሀሰት,,,,ሀ
629,ኢንጂን ብሬክ ወደ ሲሊንደር የሚረጨውን የእሳት መጠን በመቀነስ የሞተሩን ፍጥነት ይቆጣጠራል፡፡,ሀ. እውነት,ለ. ሀሰት,,,,ለ
630,ተሽከርካሪው ላይ ባትሪ ባይኖርም የናፍጣ መኪኖችን ሞተር ማስነሳት ይቻላል፡፡,ሀ. እውነት,ለ. ሀሰት,,,,ለ
631,ጡሩንባ በነፋስ አማካኝነት ሊሰራ ይችላል፡፡,ሀ. እውነት,ለ. ሀሰት,,,,ሀ
632,ሞተር በሞቀበት ጊዜ የሞተር ዘይት መጠንን መለካት ይቻላል፡፡,ሀ. እውነት,ለ. ሀሰት,,,,ሀ
633,ሞተር እየሰራ ባለበት ጊዜ የእሳት አቀጣጣይ ክፍሎችን ማጠባበቅና መፈተሽ ይገባል፡፡,ሀ. እውነት,ለ. ሀሰት,,,,ለ
638,ቦቢና በናፍጣ ሞተር ላይ የሚገኝ የተሽከርካሪ ኤሌክትሪክ ክፍል ነው፡፡,ሀ. እውነት,ለ. ሀሰት,,,,ለ
639,በትልቅ ተሽከርካሪ ላይ በቂ አየር በማጠራቀሚያ ጋን ውስጥ አለመኖር ለፍሬን ብቃት መቀነስ ምክንያት ነው፡፡,ሀ. እውነት,ለ. ሀሰት,,,,ሀ
640,የፍሬን ሸራ ስንቀይር በሁሉም እግሮች ላይ ያሉትን በሙሉ በአንድ ጊዜ መቀየር ይመከራል፡፡,ሀ. እውነት,ለ. ሀሰት,,,,ሀ
,የዝናብ መጥረጊያ ከሌላ ተሽከርካሪ መስታወታችን ላይ የሚረጭን ውሃ ለመጥረግ አያገለግልም፡፡,ሀ. እውነት,ለ. ሀሰት,,,,ለ
,ፊውዝ ጀነሬተር የሚያመነጨውን የኤሌክትሪክ ኃይል እንዳይበዛ ይቆጣጠራል፡፡,ሀ. እውነት,ለ. ሀሰት,,,,ለ
,ባትሪ ከሚፈለገው በላይ ቻርጅ ከተደረገ ይበላሻል፡፡,ሀ. እውነት,ለ. ሀሰት,,,,ሀ
,የዝናብ መጥረጊያ ከውስጥ በኩል ያለውን የመስታወት ክፍል ለማጽዳት ያገለግላል፡፡,ሀ. እውነት,ለ. ሀሰት,,,,ለ
,ቴርሞስታት በአብዛኛው ቀዝቃዛ በሆኑ ቦታዎች አካባቢ የሞተሩን ሙቀት ለመቆጣጠር ያገለግላሉ፡፡,ሀ. እውነት,ለ. ሀሰት,,,,ለ
,ቴርሞስታት የሞተሩን የሙቀት ደረጃ የሚቆጣጠረው ወደ ሞተሩ ውስጥ የሚገባውን የውሃ ሙቀት በመለካት ነው፡፡,ሀ. እውነት,ለ. ሀሰት,,,,ለ
,በራዲያተሩ ውስጥ ያለው ውሃ ከቆሸሸ የሞተሩ ውስጥ መቆሸሹን ስለሚያመለክት ሞተሩ ሰርቪስ መደረግ አለበት፡፡,ሀ. እውነት,ለ. ሀሰት,,,,ሀ
,ጠዋት ሞተር እንደተነሳ ቶሎ ቶሎ ነዳጅ እየሰጡ ማሞቅ በሶቶኮፖ ውስጥ ያለው ዘይት ቶሎ እንዲሞቅ ያደርጋል፡፡,ሀ. እውነት,ለ. ሀሰት,,,,ለ
,ቱርቦ ቻርጀር ወደ ሲሊንደር ውስጥ ተጨማሪ አየር እንዲገባ ያደርጋል፡፡,ሀ. እውነት,ለ. ሀሰት,,,,ሀ
,ቱርቦ ቻርጀርና ሱፐር ቻርጀር ተመሳሳይ ስራ ነው የሚያከናውኑት፡፡,ሀ. እውነት,ለ. ሀሰት,,,,ሀ
,ኃይል አስተላላፊ ክፍሎች በየተወሰነ ጊዜ ማለሰለሻ እንዲያገኙ ካልተደረገ ሊሰበሩ ይችላሉ፡፡,ሀ. እውነት,ለ. ሀሰት,,,,ሀ
,የአየር ከረጢት ከእስኘሪንግ ዓይነት አይመደብም፡፡,ሀ. እውነት,ለ. ሀሰት,,,,ሀ
656,በተሽከርካሪ ላይ እስኘሪንጐች ሁል ጊዜ ከአሞርዛተር ጋር በመቀናጀት ተግባራቸውን ያከናውናሉ፡፡,ሀ. እውነት,ለ. ሀሰት,,,,ሀ
657,ቁልፍ ሳንከፍት የጋቢና ውስጥ ማሞቂያ መጠቀም ይቻላል፡፡,ሀ. እውነት,ለ. ሀሰት,,,,ለ
658,እሽግ ባትሪ ስንጠቀም የባትሪ ውሃ በየሳምንቱ መጨመር ይኖርበታል፡፡,ሀ. እውነት,ለ. ሀሰት,,,,ለ
659,አሽከርካሪዎች የተሽከርካሪውን ጤንነት ሲፈትሹ ከላይ ብቻ ሳይሆን ጐንበስ ብለውም ከሥር የሚያፈስ ነገር እንደሌለ ማረጋገጥ አለባቸው,ሀ) እውነት,ለ) ሀሰት,,,,ሀ
660,ቁልቁለት ላይ ተሽከርካሪን አቆሞ የሞተር ዘይት መፈተሽ ይቻላል,ሀ) እውነት,ለ) ሀሰት,,,,ለ
661,የሞተር ዘይት ስንፈትሽ መጀመሪያ ላይ ዲፒስቲኩን ስበን እንዳወጣን ያለውን የዘይት መጣን ማወቅ ይቻላል,ሀ) እውነት,ለ) ሀሰት,,,,ለ
662,በሞተሩ ውስጥ ያለውን ዘይት ስንፈትሽ ዘይቱ በዲፕስቲኩ ላይ ከ ”MAX” ምልክት በላይ ማሳየት አለበት,ሀ) እውነት,ለ) ሀሰት,,,,ለ
663,የሞተር ዘይት ከወፈረ በቀላሉ በሞተር ክፍሎች ውስጥ ለመዘዋወር ያስችለዋል፡፡,ሀ) እውነት,ለ) ሀሰት,,,,ለ
664,የሞተር ዘይት በጣም ከቆሸሸ ከመቀየሩ በፊት የሞተር የውስጡ ክፍል በፍላሽ መታጠብ አለበት,ሀ) እውነት,ለ) ሀሰት,,,,ሀ
665,የራዲያተርን ውሃ በየጊዜው ጠዋት ጠዋት እየሞላን መጠቀም አለብን,ሀ) እውነት,ለ) ሀሰት,,,,ሀ
666,በራዲያተሩ ውስጥ የሚጨመረው የፀረ ዝገት ኬሚካል በራዲያተሩ ውስጥ ዝገት ተፈጥሮ የውሃ ዝውውሩን እንዳያውክ ይከላከላል፡፡,ሀ) እውነት,ለ) ሀሰት,,,,ሀ
667,የሞተር ዘይትን ፍሳሽ የምናደርገው አንድ እጅ በሆነ ቤንዚንና ሁለት እጅ በሆነ ዘይት መሆን ነዉ፡፡,ሀ) እውነት,ለ) ሀሰት,,,,ሀ
669,በከባድ ተሽከርካሪ ላይ የጐማ የንፋስ መጠንን መለካት የሚቻለዉ ጐማውን በሌባ ጐማ መታ መታ በማድረግ ነው፡፡,ሀ) እውነት,ለ) ሀሰት,,,,ለ
670,ተሽከርካሪ ከመንቀሳቀሱ በፊት የነዳጅ ፔዳሉን ሙሉ በመርገጥና በመልቀቅ በአግባቡ ወደ ቦታው የሚመለስ መሆኑን ማረጋገጥ ያስፈልጋል፡፡,ሀ) እውነት,ለ) ሀሰት,,,,ለ
671,እስፖኪዮ የተሽከርካሪውን የጐንና የጐን እንቅስቃሴ ለመቆጣጠር የሚያገለግል መሳሪያ ነው፡፡,ሀ) እውነት,ለ) ሀሰት,,,,ሀ
672,በጉዞ ላይ የጐማ ብሎን ቶሎ ቶሎ እንዳይላላ ከጉዞ በፊት ከመጠን በላይ ማጥበቅ ይኖርብናል፡፡,ሀ) እውነት,ለ) ሀሰት,,,,ሀ
673,የተሽከርካሪን ንፅህና መጠበቅ የተሽከርካሪውን እድሜ ያራዝማል፡፡,ሀ. እውነት,ሀ. ሀሰት,,,,ለ
696,አንድ አሽከርካሪ የተሽከርካሪው ፍሬን ሸራ ሲበላ መቀየር አለበት፡፡,ሀ. እውነት,ለ. ሀሰት,,,,መ
697,የተሽከርካሪ ሞተር የዘይት ፈሣሽ ከሌለው በየጊዜው የሞተር ዘይት መጠን መፈተሽ አያስፈልግም,ሀ. እውነት,ለ. ሐሰት,,,,ለ
698,በተሽከርካሪ ላይ የሚገኝን ባትሪ በማንኛውም ነገር መሸፈን ተገቢ አይደለም፡፡,ሀ. እውነት,ለ. ሀሰት,,,,ለ
699,ንፋስ በጐደለው ጐማ ማሽከርከር ለተሽከርካሪው ፍጥነት መቀነስ ምክንያት ይሆናል፡፡,ሀ. እውነት,ለ. ሀሰት,,,,ሀ
700,የተሽከርካሪ ጐማ ንፋስ ከመጠን በላይ ከሞላ እየነጠረ ለጉዞ አስቸጋሪ ይሆናል፡፡,ሀ. እውነት,ለ. ሀሰት,,,,ሀ
701,የዲፈረንሻል ዘይትና የካምቢዮ ዘይት መጉደሉን በየቀኑ ማየት ተገቢ ነው፡፡,ሀ. እውነት,ለ. ሀሰት,,,,ሀ
702,ተሸከርካሪው ቆሞ ባለበት ሰዓት ላይ የዳሽ ቦርድ መቆጣጠሪያ መሣሪያዎችን መፈተሸ ይገባል፡፡,ሀ. እውነት,ለ. ሀሰት,,,,ለ
703,መብራቶችን አስቀድሞ መፈተሸ በጉዞ ላይ ከሚያጋጥም ችግር ያድናል፡፡,ሀ. እውነት,ለ. ሀሰት,,,,ሀ
704,የተሸከርካሪን ፍጥነት መቆጣጠር የሥራ ላይ ሁኔታ በመባል ይጠራል፡፡,ሀ. እውነት,ለ. ሀሰት,,,,ሀ
705,ቆሞ ያደረ ተሸከርካሪን ከማስነሳት በፊት አጎንብሶ ከስር የተሸከርካሪውን የታችኛው ክፍል መመልከት ያስፈልጋል,ሀ. እውነት,ለ. ሀሰት,,,,ለ
706,አንድ ተሽከርካሪ ለረጅም ሰዓት ከሠራ በኋላ በቀጥታ ከቆመበት ወዲያው ቁልፍን ማጥፋት ምንም ችግር አያስከትልም፡፡,ሀ. እውነት፣,ለ. ሀሰት፣,,,,ሀ
715,ፀሐያማና ሞቃታማ በሆነ የአየር ሁኔታ ውስጥ ስናሽከርከር በየ 2 /ሁለት/ ሰዓት ጉዞ ወይም በ150 ኪ.ሜ ጉዞ ልዩነት የጐማውን ሙቀት መጨመሩን ማየትና ከጨመረ እስኪቀዘቅዝ ተሽከርካሪውን ማቆም ያስፈልጋል፡፡,ሀ. ሀሰት,ለ. እውነት,,,,መ
716,ሐያማና ሞቃት በሆነ የአየር ሁኔታ ውስጥ ስናሽከረክር የሞተር ቺንጋና የራዲያተር ቱቦ በሙቀት ምክንያት የመላላት፣ የመለጠጥ፣ የመተጣጠፍና የመቀደድ ባህሪ ማሳየታቸውን መከታተል ይገባል፡፡,ሀ. እውነት,ለ. ሀሰት,,,,ሀ
717,ሞተር በቂ ውሀና ዘይት ያለው መሆኑን ዘወትር በተገቢ ሰዓት መከታተል ይገባል፡፡,ሀ. እውነት,ለ. ሀሰት,,,,ሀ
718,ሞተር በሞቀ ወቅት የውሀና የዘይት መጠን ማየት ይቻላል፡፡,ሀ. እውነት,ለ. ሀሰት,,,,ሀ
435,ምልክቶችን ማክበር የሙያ ሥነምግባር ጉድለት ነው,ሀ/ እውነት,ለ/ ሀሰት,,,,
436,የራስን ፍላጐት ብቻ መጠበቅ የአሽከርካሪዎች አላስፈላጊ ባህሪ ነው,ሀ/ እውነት,ለ/ ሀሰት,,,,
437,አለመረጋጋት ለአሽከርካሪዎች ያልተፈቀደ ባህሪ ነው,ሀ/ እውነት,ለ/ ሀሰት,,,,
438,አልኮል ጠጥቶ ማሽከርከር የውሳኔ አሰጣጥን ያዛባል,ሀ/ እውነት,ለ/ ሀሰት,,,,
439,በድብርት ውስጥ ሆኖ ማሽከርከር ለአደጋ ያጋልጣል,ሀ/ እውነት,ለ/ ሀሰት,,,,
440,ራስን ዝቅ አድርጐ የማየት ስሜት ከአላስፈላጊ ባህሪያት አንዱ ነው,ሀ/ እውነት,ለ/ ሀሰት,,,,
441,የተሳሳተ የማሽከርከር ሂደት የሚከተሉ አሽከርካሪዎች የባህሪ ችግር ያለባቸው አሽከርካሪዎች ናቸው፡፡,ሀ/ እውነት,ለ/ ሀሰት,,,,
442,ለማሽከርከር ፍላጐትና ተነሳሽነት ያስፈልጋል,ሀ/ እውነት,ለ/ ሀሰት,,,,
443,አለመረጋጋት ቅንነት የጐደለው የማሽከርከር ባህሪ ነው,ሀ/ እውነት,ለ/ ሀሰት,,,,
444,መሪን እየወላወሉ ማሽከርከር የተሳሳተ የማሽከርከር ሂደት ነው?,ሀ/ እውነት,ለ/ ሀሰት,,,,
445,አንድ አሽከርካሪ አካላዊ ቅልጥፍናዉ የቀነሰ ከሆነ ለአደጋ የመጋለጥ እድል ይኖረዋል,ሀ/ እውነት,ለ/ ሀሰት,,,,
446,የአእምሮ ንቁነት የስራ ላይ ደህነት ጥንቃቄን የተሻለ ያደርጋል,ሀ/ እውነት,ለ/ ሐሰት,,,,
447,አንድ አሽከርካሪ ካለዕረፍት ከ4 ሰዓት በላይ ቢያሽከረክር የደህነንት ጥንቃቄ መጓደልን አያሳይም,ሀ/ እውነት,ለ/ ሐሰት,,,,
448,የአንድ አሽከርካሪ አለመረጋጋት አደጋን ይጋብዛል,ሀ/ እውነት,ለ/ ሀሰት,,,,
449,በተሽከርካሪ የቴክኒክ ጉድለት ምክንያት አደጋ እንዳይደርስ መከላከል የአሽከርካሪዎች ሀላፊነት ነው፡፡,ሀ/ እውነት,ለ/ ሀሰት,,,,